platform,video_title,video_url,author,content,comment_id,likes,time_parsed,video_transcript,scraped_at
YouTube,"3 Outfits, 2 Different Body Types | Feather Tops, Dresses, Stylish Tops & More | Shop Now #Shorts",https://www.youtube.com/watch?v=CqM_o6a2PMc,@SanjitSaha-i5f,Worst service don't use this app,UgxKctE0s9WiYJ25YaJ4AaABAg,0,1784627105.503282,Transcript not available,2026-08-21T15:15:05.504288
YouTube,Pick Your Favorite Trend In The Comments Below | Summer Trends You Need To Follow | Shop Now #Shorts,https://www.youtube.com/watch?v=Odk4ouoznFc,@pratikshadubey7636,No customer service you can never contact them only the song,UgxuToBrY92UTlHh1TJ4AaABAg,0,1786700709.056421,Transcript not available,2026-08-21T15:15:09.056562
YouTube,Black Floral Dress For A Day Out | Trendy & Stylish Dress Look | Shop Now #shorts,https://www.youtube.com/watch?v=9xODJ1NLNbo,@pratikshadubey7636,Don’t waste your money nykaa fashion is not trust worthy,Ugw1_6fDqjles2fM2xl4AaABAg,0,1786700712.873877,Transcript not available,2026-08-21T15:15:12.874330
YouTube,Black Floral Dress For A Day Out | Trendy & Stylish Dress Look | Shop Now #shorts,https://www.youtube.com/watch?v=9xODJ1NLNbo,@healthguidance4845,link,UgwGzMrU9ShRm2Idj6Z4AaABAg,0,1724233512.878317,Transcript not available,2026-08-21T15:15:12.878657
YouTube,Styling  Mini Skirt For A Girls Day Out | Wearing VS Styling A Trendy Skirt | Shop Now #Shorts,https://www.youtube.com/watch?v=bjJ2DZlvZnA,@Mimansasahuu,❤️,Ugw-X9snFjE35FopmoB4AaABAg,1,1724233516.593991,Transcript not available,2026-08-21T15:15:16.594111
YouTube,Styling  Mini Skirt For A Girls Day Out | Wearing VS Styling A Trendy Skirt | Shop Now #Shorts,https://www.youtube.com/watch?v=bjJ2DZlvZnA,@swati69143,OMG 🔥🔥🔥🔥❤️,UgxK-VH5wM97Z3yhnYl4AaABAg,2,1724233516.595256,Transcript not available,2026-08-21T15:15:16.595360
YouTube,Get Ready Listening To The Cutest Boyfriend Story | Trendy Date Dressing Guide | Shop Now #Shorts,https://www.youtube.com/watch?v=1QogvtqQkkU,@yashishukla8264,Awwww🙈✨,UgxsuT68FN9turWTWnR4AaABAg,1,1724233535.231306,Transcript not available,2026-08-21T15:15:35.231639
YouTube,Get Ready Listening To The Cutest Boyfriend Story | Trendy Date Dressing Guide | Shop Now #Shorts,https://www.youtube.com/watch?v=1QogvtqQkkU,@yashishukla8264,My girl ❤,Ugxdz0ayiFRW4y0l7fV4AaABAg,1,1724233535.235151,Transcript not available,2026-08-21T15:15:35.235458
YouTube,Get Ready Listening To The Cutest Boyfriend Story | Trendy Date Dressing Guide | Shop Now #Shorts,https://www.youtube.com/watch?v=1QogvtqQkkU,@Mimansasahuu,😍❤️,Ugya4qvpHQ2iSTsSBTZ4AaABAg,1,1724233535.238845,Transcript not available,2026-08-21T15:15:35.239116
YouTube,3 Dresses Perfect For The Summer | Midi & Mini Dresses To Beat The Heat In Style | Shop Now #Shorts,https://www.youtube.com/watch?v=cA-a-uBfEUc,@ShivaniSharma-wm3hr,Green dress link please,Ugzl9KL-ZWmAraeEOjh4AaABAg,0,1724233547.596733,Transcript not available,2026-08-21T15:15:47.597042
YouTube,What To Wear To A Bengali Wedding | Classic Saree Look With Traditional Jewellery | Shop Now #Shorts,https://www.youtube.com/watch?v=W_biocU4XIg,@nikicheeru,U had draped the saree opposite.... The end u tucked first should be the pallu portion...,UgzsnkOEcwDUPRxNWmF4AaABAg,0,1724233589.908961,Transcript not available,2026-08-21T15:16:29.909098
YouTube,New Trend Alert: Grandpacore | 3 Outfits Inspired From The New Grandpacore Trend | Shop Now #Shorts,https://www.youtube.com/watch?v=oooZ13KNjnM,@swetharaj2123,Link,UgwhpHifS9HK8s-rWLx4AaABAg,0,1724233606.648129,Transcript not available,2026-08-21T15:16:46.648464
YouTube,How To Stay Warm & Look Stylish In Indian Wear | 3 Ways To Wear Indian In Winters | Shop Now #shorts,https://www.youtube.com/watch?v=BCI45jVrLVU,@SOHAM_OTAKU99,Share the link of that shawl with me please.,UgxrBwGozqfX1CwV_VJ4AaABAg,0,1724233641.308542,Transcript not available,2026-08-21T15:17:21.308667
YouTube,"Republic Day Outfit Inspo | White Anarkali, Orange Bangles & Green Earrings Look | Shop Now #Shorts",https://www.youtube.com/watch?v=0diP942Z17E,@pratikshadubey7636,Nykaa Fashion is a the worst experience I had they gave me a poor quality saree which was totally different from the image shown then when I request return no one called no one picked it up and they just cancelled pick up their customer care doesn’t connect there chats are just bots there is no way around it. They completely broke my trust never going to order again,UgxzOkcF63zeoJKMAOt4AaABAg,0,1786700846.018877,Transcript not available,2026-08-21T15:17:26.019001
YouTube,"Republic Day Outfit Inspo | White Anarkali, Orange Bangles & Green Earrings Look | Shop Now #Shorts",https://www.youtube.com/watch?v=0diP942Z17E,@Its.Nishtha2012,You are so gorgeous ❤,UgxdQ1gvfx-1QRruO-N4AaABAg,0,1755769646.020124,Transcript not available,2026-08-21T15:17:26.020215
YouTube,"Republic Day Outfit Inspo | White Anarkali, Orange Bangles & Green Earrings Look | Shop Now #Shorts",https://www.youtube.com/watch?v=0diP942Z17E,@Mimansasahuu,❤,UgzbOYhDMSJon-7yqLp4AaABAg,0,1724233646.021305,Transcript not available,2026-08-21T15:17:26.021405
YouTube,"3 Ways To Re-Wear Your Sangeet Lehenga | 1 Lehenga, 3 Trendy Indian Wear Looks | Shop Now #Shorts",https://www.youtube.com/watch?v=EuJr0Py4Ljc,@nirja_kamat,So lovely to be featured here!!❤️❤️🥰🥰,UgwOXtf8v7q7ev5E7ap4AaABAg,0,1724233679.318969,Transcript not available,2026-08-21T15:17:59.319227
YouTube,4 Party Wear Footwear Perfect For An All-Nighter | Stylish & Trendy Footwear | Shop Now #Shorts,https://www.youtube.com/watch?v=AY4gxDjw7pw,@Mimansasahuu,😍😍❤️,UgyXy8u8AFflNbs5RVJ4AaABAg,0,1724233692.623767,Transcript not available,2026-08-21T15:18:12.623893
YouTube,3 Ways To Drape Your Saree Pallu | Stylish & Trendy Ways To Wear Your Saree | Shop Now #Shorts,https://www.youtube.com/watch?v=VCc9J0QHyDM,@nirja_kamat,The saree is just😍😍,UgzMZ1j30RvIWkmDmTN4AaABAg,0,1724233719.237811,Transcript not available,2026-08-21T15:18:39.238116
YouTube,3 Ways To Drape Your Saree Pallu | Stylish & Trendy Ways To Wear Your Saree | Shop Now #Shorts,https://www.youtube.com/watch?v=VCc9J0QHyDM,@nirja_kamat,Love to be featured here!🎀💝,UgzfohD_IKqQk5vFQ8F4AaABAg,0,1724233719.24147,Transcript not available,2026-08-21T15:18:39.241745
YouTube,What To Wear To A Nikah | Muslim Wedding Outfit Inspo | Stylish Anarkali Look | Shop Now #Shorts,https://www.youtube.com/watch?v=k-F302zSQE8,@Manyakiduniyaa,❤❤,UgxGJjAkp_oy82o8rpF4AaABAg,0,1724233733.511892,Transcript not available,2026-08-21T15:18:53.512198
YouTube,What To Wear To A Nikah | Muslim Wedding Outfit Inspo | Stylish Anarkali Look | Shop Now #Shorts,https://www.youtube.com/watch?v=k-F302zSQE8,@shreyamohanty4971,wow❤,UgxVKvUnF6Pst_lJ2OB4AaABAg,0,1724233733.515653,Transcript not available,2026-08-21T15:18:53.515850
YouTube,Get Ready For Your Brothers Cocktail Party | Stylish Green Sequin Dress Look | Shop Now #Shorts,https://www.youtube.com/watch?v=cUVjl0QuJxc,@Mimansasahuu,🤗❤,UgwwIupUqGe47WC_sPJ4AaABAg,0,1724233738.28056,Transcript not available,2026-08-21T15:18:58.280678
YouTube,Must-Have Lingerie For Teenagers | Teen Bra- The Perfect Bra For Girls | Shop Now #Shorts,https://www.youtube.com/watch?v=KGQeZrCa5e4,@Parineeti-0658,Papa ki bunniyan esse aachi Dikhti hai 🥀🥀🥀,UgyTfxzEVPPDUvBtNBZ4AaABAg,1,1755769753.741036,Transcript not available,2026-08-21T15:19:13.741162
YouTube,Must-Have Lingerie For Teenagers | Teen Bra- The Perfect Bra For Girls | Shop Now #Shorts,https://www.youtube.com/watch?v=KGQeZrCa5e4,@riya.debnath_31,Kya matlab?,UgyTfxzEVPPDUvBtNBZ4AaABAg.AJ6jZIbWZFFALbT45nvnP-,0,1755769754.236473,Transcript not available,2026-08-21T15:19:14.236792
YouTube,Must-Have Lingerie For Teenagers | Teen Bra- The Perfect Bra For Girls | Shop Now #Shorts,https://www.youtube.com/watch?v=KGQeZrCa5e4,@withywood157,Do they come in red or black or white,UgyTfxzEVPPDUvBtNBZ4AaABAg.AJ6jZIbWZFFANdDAOjT9GD,0,1761040154.240617,Transcript not available,2026-08-21T15:19:14.240919
YouTube,Get Ready For A Marwari Wedding | Wedding Dressing Guide | Stylish Lehenga Look | Shop Now #Shorts,https://www.youtube.com/watch?v=cZQ8Ppy02L0,@nirja_kamat,So lovely to be featured on this! ❤️✨,UgwIJCBRR9_DZSZHfk14AaABAg,0,1724233764.685319,Transcript not available,2026-08-21T15:19:24.685486
YouTube,Get Ready For A Marwari Wedding | Wedding Dressing Guide | Stylish Lehenga Look | Shop Now #Shorts,https://www.youtube.com/watch?v=cZQ8Ppy02L0,@tanushree5656,Your dress is so beautiful ❤️❤️,UgynOU63mtJ_XkxoaQd4AaABAg,0,1724233764.687006,Transcript not available,2026-08-21T15:19:24.687167
YouTube,Get Ready For Your BFF's Roka Party | Stylish Red Color Indian Suit Look | Shop Now #shorts,https://www.youtube.com/watch?v=NXfwNSMtIfg,@laurynelove7093,I love your pyjamas ! Where did you get them? Great video,UgyhtWKac1_waWQ3KbJ4AaABAg,0,1724233781.104508,Transcript not available,2026-08-21T15:19:41.104812
YouTube,4 Wedding Mistakes & How NOT To Make Them | Featuring Wedding Wear Outfits | Shop Now #shorts,https://www.youtube.com/watch?v=gsB77MWpbwM,@sarojtmg9629,❤👌👏,Ugxs3v_wP9a_g8e5P_14AaABAg,1,1724233793.451553,Transcript not available,2026-08-21T15:19:53.451866
YouTube,4 Wedding Mistakes & How NOT To Make Them | Featuring Wedding Wear Outfits | Shop Now #shorts,https://www.youtube.com/watch?v=gsB77MWpbwM,@Dailytalkswithdeepa,Veri nice❤❤,UgzrxiU1_TCvSDLJ0gR4AaABAg,1,1724233793.455217,Transcript not available,2026-08-21T15:19:53.455515
YouTube,3 Footwear Hacks For The Festive & Party Season | Lifechanging Footwear Tricks | Shop Now #Shorts,https://www.youtube.com/watch?v=THY8RhmxbUE,@danieleantognelli886,❤❤,UgzclIE9pqlgwj4znhB4AaABAg,0,1724233810.849291,Transcript not available,2026-08-21T15:20:10.849425
YouTube,3 Footwear Hacks For The Festive & Party Season | Lifechanging Footwear Tricks | Shop Now #Shorts,https://www.youtube.com/watch?v=THY8RhmxbUE,@abrahamduplooy334,You have beautiful toes ❤❤,Ugw5QxqebH-svnUY-G94AaABAg,0,1724233810.850538,Transcript not available,2026-08-21T15:20:10.850628
YouTube,How To Style A Simple Outfit | The Power Of Styling- Casual Day Out Look | Shop Now #shorts,https://www.youtube.com/watch?v=VqE89l_djiU,@Mimansasahuu,@mimansasahu ❤️,UgxP-MW8AZ1vRZ4NDb14AaABAg,0,1724233821.912325,Transcript not available,2026-08-21T15:20:21.912459
YouTube,3 Styles Perfect For A Pear Shaped Body | Outfits That Suit Your Body Type | Shop Now #Shorts,https://www.youtube.com/watch?v=WYYMR0-K7Vk,@archispallate,Fake company. They send empty box and after that they will deny that they will not refund your money. Dont shop from nykaa fashion. Fraud company. Your company will be cursed soon.,UgzRTAl4seEWxkzBcqx4AaABAg,0,1724233857.99863,Transcript not available,2026-08-21T15:20:57.998946
YouTube,3 Styles Perfect For A Pear Shaped Body | Outfits That Suit Your Body Type | Shop Now #Shorts,https://www.youtube.com/watch?v=WYYMR0-K7Vk,@archispallate,Fake company. They send empty box and after that they will deny that they will not refund your money. Dont shop from nykaa fashion. Fraud company. Your company will be cursed soon.,UgzRTAl4seEWxkzBcqx4AaABAg.9vvKKMuUmdL9vvKNYC2NrX,0,1724233858.553895,Transcript not available,2026-08-21T15:20:58.554203
YouTube,What To Wear If You Want To Cover Your Arms | 4 Outfit Ideas | Style Guide | Shop Now #shorts,https://www.youtube.com/watch?v=42NXIUAyvdw,@GOT.UJJWAL.7,🥶,UgzXX37-rqmCa2LhbqB4AaABAg,0,1786096278.772773,Transcript not available,2026-08-21T15:21:18.772896
YouTube,What To Wear If You Want To Cover Your Arms | 4 Outfit Ideas | Style Guide | Shop Now #shorts,https://www.youtube.com/watch?v=42NXIUAyvdw,@GOT.UJJWAL.7,🎉,UgzXX37-rqmCa2LhbqB4AaABAg.A_0-h0KsTJfA_0-m19PG2o,0,1786096279.166503,Transcript not available,2026-08-21T15:21:19.166807
YouTube,What Underwear To Wear Under Your Festive Wear | 4 Bra Styles For Tricky Outfits | Shop Now #Shorts,https://www.youtube.com/watch?v=6c3fiblChzc,@BorewellAnit,ഗുരുവായൂർ തന്ത്രി വത്സൻ അടിച്ചോണ്ട് വെളുപ്പിന് 4 അരക്ക് ഇരിക്കുവാ. അപ്പൊ sachin tendulkar വിളിച്ചു ഉച്ചക്ക് sara tendulkar ടെ പൂറിൽ പാൽപായസം ഹോമം നടത്തി ശേഷം. ഇനി ചോറ് ഉണ്ണാൻ പോവാ. ചിത്ത വിളി കഴിഞ്ഞു,Ugzhd6AW2tMXFM0vn_h4AaABAg,0,1784627491.007361,Transcript not available,2026-08-21T15:21:31.007491
YouTube,What Underwear To Wear Under Your Festive Wear | 4 Bra Styles For Tricky Outfits | Shop Now #Shorts,https://www.youtube.com/watch?v=6c3fiblChzc,@ambujasriramakavacham9355,J,UgxH8-KzNBi2nwP8MUZ4AaABAg,0,1782035491.009074,Transcript not available,2026-08-21T15:21:31.009181
YouTube,What Underwear To Wear Under Your Festive Wear | 4 Bra Styles For Tricky Outfits | Shop Now #Shorts,https://www.youtube.com/watch?v=6c3fiblChzc,@mohakmilindsingh999,👙,Ugwv0RxoZ4dJtPPC88B4AaABAg,1,1779357091.010763,Transcript not available,2026-08-21T15:21:31.010870
YouTube,What Underwear To Wear Under Your Festive Wear | 4 Bra Styles For Tricky Outfits | Shop Now #Shorts,https://www.youtube.com/watch?v=6c3fiblChzc,@nitinjoshi912,I love you 💘💘💘💘 darling ❤,UgyEJ8k4dzCpqn-83qJ4AaABAg,0,1776765091.012391,Transcript not available,2026-08-21T15:21:31.012492
YouTube,What Underwear To Wear Under Your Festive Wear | 4 Bra Styles For Tricky Outfits | Shop Now #Shorts,https://www.youtube.com/watch?v=6c3fiblChzc,@maverick_ArS,Fun fact: VIEWERS ARE ONLY BOYS! 😌,UgzKjyFWu7NDljV_RUp4AaABAg,3,1774086691.013998,Transcript not available,2026-08-21T15:21:31.014112
YouTube,What Underwear To Wear Under Your Festive Wear | 4 Bra Styles For Tricky Outfits | Shop Now #Shorts,https://www.youtube.com/watch?v=6c3fiblChzc,@paprimog3316,Faltu,Ugxzpi_Ihhavyyz6QMl4AaABAg,0,1768989091.015787,Transcript not available,2026-08-21T15:21:31.015903
YouTube,What Underwear To Wear Under Your Festive Wear | 4 Bra Styles For Tricky Outfits | Shop Now #Shorts,https://www.youtube.com/watch?v=6c3fiblChzc,@ArthalBhatti,Chhammak chhallo bhi kuja thinking😢,Ugxn3YcPquCAeHwSukd4AaABAg,0,1761040291.017513,Transcript not available,2026-08-21T15:21:31.017616
YouTube,What Underwear To Wear Under Your Festive Wear | 4 Bra Styles For Tricky Outfits | Shop Now #Shorts,https://www.youtube.com/watch?v=6c3fiblChzc,@PartikBhatt-z6w,I love you 😚😚😚,UgxBDeOBnoWVfdDuoU94AaABAg,0,1761040291.019131,Transcript not available,2026-08-21T15:21:31.019240
YouTube,What Underwear To Wear Under Your Festive Wear | 4 Bra Styles For Tricky Outfits | Shop Now #Shorts,https://www.youtube.com/watch?v=6c3fiblChzc,@CarlosTibiriçáMoreiradasilva,❤❤❤❤❤❤❤❤❤❤❤❤❤❤❤,Ugw51b8nWcOQcgpEt_t4AaABAg,0,1758448291.020918,Transcript not available,2026-08-21T15:21:31.021025
YouTube,What Underwear To Wear Under Your Festive Wear | 4 Bra Styles For Tricky Outfits | Shop Now #Shorts,https://www.youtube.com/watch?v=6c3fiblChzc,@patiencechihomvu2793,By underwear 🩲,Ugxo5HMeGXvvNEEwE654AaABAg,1,1755769891.022175,Transcript not available,2026-08-21T15:21:31.022279
YouTube,What Underwear To Wear Under Your Festive Wear | 4 Bra Styles For Tricky Outfits | Shop Now #Shorts,https://www.youtube.com/watch?v=6c3fiblChzc,@Spriti22,❤❤❤😊,UgwsBHllulnGlFLwwTR4AaABAg,0,1724233891.023381,Transcript not available,2026-08-21T15:21:31.023470
YouTube,What Underwear To Wear Under Your Festive Wear | 4 Bra Styles For Tricky Outfits | Shop Now #Shorts,https://www.youtube.com/watch?v=6c3fiblChzc,@kratiijain,✨❤️❤️,Ugw98LWWRo0WSOM4lv14AaABAg,0,1724233891.024561,Transcript not available,2026-08-21T15:21:31.024649
YouTube,What Underwear To Wear Under Your Festive Wear | 4 Bra Styles For Tricky Outfits | Shop Now #Shorts,https://www.youtube.com/watch?v=6c3fiblChzc,@laveenajain5918,❤❤❤❤,Ugz5U9Y9aO3Oq9s4fSV4AaABAg,0,1724233891.025732,Transcript not available,2026-08-21T15:21:31.025819
YouTube,How To Style A Simple Salwar Suit | Stylish Festive Suit Look & Accessories | Shop Now #Shorts,https://www.youtube.com/watch?v=DgHVHoEtLrU,@laveenajain5918,❤️❤❤️❤️,UgxijhRyQWPjIzeEuYN4AaABAg,0,1724233903.355483,Transcript not available,2026-08-21T15:21:43.355609
YouTube,How To Style A Simple Salwar Suit | Stylish Festive Suit Look & Accessories | Shop Now #Shorts,https://www.youtube.com/watch?v=DgHVHoEtLrU,@Dishaaajain,😍❤️❤️,UgwrrwRa-vR9XgoWcpB4AaABAg,0,1724233903.356827,Transcript not available,2026-08-21T15:21:43.356929
YouTube,How To Style A Simple Salwar Suit | Stylish Festive Suit Look & Accessories | Shop Now #Shorts,https://www.youtube.com/watch?v=DgHVHoEtLrU,@navyamishra6674,😍😍,Ugyg1IcpY0_FM2txN4x4AaABAg,0,1724233903.358058,Transcript not available,2026-08-21T15:21:43.358153
YouTube,What To Wear When You Have Nothing To Wear | Closet Staples Edition | Casual Look | Shop Now #Shorts,https://www.youtube.com/watch?v=7Sdi7WjH_AE,@nykaafashionofficial,"Shop the look featured by searching the product codes below:
👖Jeans: 9409533
🤍White Inner: 6181391
👔White Shirt: 9752864
👟Shoes: 7570680
👜 Bag: 8961786",UgzLrf2xEjOv0ZPnYJl4AaABAg,0,1724233919.849863,Transcript not available,2026-08-21T15:21:59.849985
YouTube,Get Brunch Ready With Nykaa Fashion | Stylish Shirt and Pants Co-Ord Set Look | Shop Now #Shorts,https://www.youtube.com/watch?v=-cisEfqvbSQ,@nykaafashionofficial,"Shop the look featured by searching the product codes below:
Tara and I - Search for 🔎 10530989",UgwlVZaeXGcse2VDjIl4AaABAg,0,1724233922.833262,Transcript not available,2026-08-21T15:22:02.833405
YouTube,GRWNF For A Lazy Day At Home | Comfortable Pyjama & Tee Look For Everyday Wear | Shop Now #Shorts,https://www.youtube.com/watch?v=4RgswyAnUwE,@nykaafashionofficial,"💕 Shop the look featured by searching the product codes below:
Tee: 10704022
Joggers: 10704035
Blue Sliders: 5879301
Socks: 1921787",UgwfHDa8RGn75j3CwEF4AaABAg,0,1724233927.371621,Transcript not available,2026-08-21T15:22:07.371927
YouTube,"4 Accessory Styles To Shop From This Festive Season | Jewellery, Footwear & more | Shop Now #shorts",https://www.youtube.com/watch?v=7Arf_wCbJaM,@nykaafashionofficial,"Checkout these products from our unique, homegrown heroes-
✨Curio Cottage
✨Amyra
✨Zariin
✨Attrangi
✨Coral Haze",Ugx2TEN-SE2WHWOKWBl4AaABAg,0,1724233930.944713,Transcript not available,2026-08-21T15:22:10.944840
YouTube,"5 Must Have Picks From The Nykaa Fashion Store | Outfits, Accessories and more | Shop Now #Shorts",https://www.youtube.com/watch?v=M3rpz-UYHBw,@nykaafashionofficial,"Want Stylist Recommendations? Our Stylist Akshata takes you to our retail store to show you her top picks ✨🛍️

Check out her favourites yourself on the Nykaa Fashion app and search for brands like Likha, Gajra Gang, Twenty Dresses, CAI and Azai 😍",UgwltQyfT-ooV7u1AxN4AaABAg,0,1724233934.762799,Transcript not available,2026-08-21T15:22:14.763110
YouTube,5 Viral Fashion Hacks You Need To Try | Fashion Tips Tricks & DIYs | Shop Now #shorts,https://www.youtube.com/watch?v=minf4ZVxg5w,@nykaafashionofficial,"Search the product codes below to stash your favourite outfits showcased in the video:

Look 1
Blazer: 5648949
Top: 9007229
Jeans: 8795305
Footwear:8930192

Look 2
Blazer: 7818546
Cargos: 10250830
Bag: 10140565
Footwear: 8930192

Look 3
Top: 8273835
Skirt: 10250638
Bag: 10140591
Footwear: 2444105",Ugyo4Fe8Og2xNVTwsH94AaABAg,0,1724233940.48,Transcript not available,2026-08-21T15:22:20.480123
YouTube,5 Viral Fashion Hacks You Need To Try | Fashion Tips Tricks & DIYs | Shop Now #shorts,https://www.youtube.com/watch?v=minf4ZVxg5w,@yashshrimali96,Thank you for selling fake products and robbing my money.,Ugyd_AAWUUPgOCUGeK94AaABAg,0,1724233940.481238,Transcript not available,2026-08-21T15:22:20.481328
YouTube,"1 Basic Dress, 3 Ways To Style It | Party, Lunch & Work Looks | Shop Now #Shorts",https://www.youtube.com/watch?v=j85_yZUEa4k,@nykaafashionofficial,"Shop the look featured by searching the product codes below:
Dress: 10969991
Skirt: 10758069
Blazer: 7818534",UgwrTGS6OBrC8IpQORt4AaABAg,0,1724233948.749638,Transcript not available,2026-08-21T15:22:28.750041
YouTube,Festive Dressing Guide For Different Body Types | Indian Wear Styling Guide | Shop Now #Shorts,https://www.youtube.com/watch?v=8NOirEymeO8,@nykaafashionofficial,"Take an outfit pick according to your body type to feel absolutely stunning😍 Shop the look featured by searching the product codes below:⬇️
✨Kohsh- Code🔎8028490
✨Truebrown- Code 🔎8205583
✨Karaj Jaipur - Code 🔎10425506
✨Truebrown- Code 🔎8205530
✨Pomcha Jaipur- Code 🔎9546988",Ugzv2arp3FPH3AeY6at4AaABAg,0,1724233954.36878,Transcript not available,2026-08-21T15:22:34.369089
YouTube,Easy Sundowner Look Decoded With Nykaa Fashion | Stylish & Trendy Co-ord Set Look | Shop Now #Shorts,https://www.youtube.com/watch?v=x6tw43Uv3zA,@nykaafashionofficial,"Shop the look featured by searching the product codes below:
👗10250591
💍833051
👠9284882",UgysxUG4fqPN9mN0zsB4AaABAg,0,1724233961.542034,Transcript not available,2026-08-21T15:22:41.542365
YouTube,Tips To Make Your Work Wear Look Stylish | How To Look Elevate Your Work Look | Shop Now #Shorts,https://www.youtube.com/watch?v=bycpJ3TAK0c,@nykaafashionofficial,"Shop a similar look featured by searching the product codes below:
✨Shirt: 8041031
✨Pants: 7598115
✨Heels: 10163640
✨Earrings: 10139996
✨Bag: 4804055
✨Watch: 8978960",UgzAnGQ31R1pSdG8V_x4AaABAg,0,1724233965.495244,Transcript not available,2026-08-21T15:22:45.495397
YouTube,Tips To Make Your Work Wear Look Stylish | How To Look Elevate Your Work Look | Shop Now #Shorts,https://www.youtube.com/watch?v=bycpJ3TAK0c,@nirja_kamat,❤️🥰,UgwAnTi5wauKMY3yFf94AaABAg,0,1724233965.496549,Transcript not available,2026-08-21T15:22:45.496643
YouTube,Dupatta Hack For Your Festive Outfits | Stylish Way To Style Your Dupatta | Shop Now #shorts,https://www.youtube.com/watch?v=XKIb4Go1QwQ,@nykaafashionofficial,"Try this now only with picks from the trendiest brands on Nykaa Fashion. Shop the look featured by searching the product codes below:
 ⬇️
✨Karaj Jaipur - Code 🔎5065141
✨Likha - Code Code🔎8248784
✨Gajra Gang- Code🔎11392292
✨Eridani- Code🔎4852524
✨Curio Cottage- Code🔎3219448",UgzJZmiThqaYYVhss9d4AaABAg,0,1724233968.35291,Transcript not available,2026-08-21T15:22:48.353216
YouTube,Get Ready For A Brunch Date With Your Girls | All Denim Casual Day Out Look | Shop Now #Shorts,https://www.youtube.com/watch?v=Of51g1Mj7bE,@nykaafashionofficial,"Shop the look featured by searching the product codes below:
✨Denim Jacket: 10019942
✨Jeans: 7478041
✨Black Bralette: 386476
✨Footwear: 6963760
✨Bag: 3377939",UgzE8kwkHbXavCxwN2l4AaABAg,0,1724233971.838198,Transcript not available,2026-08-21T15:22:51.838335
YouTube,Get Ready For A Brunch Date With Your Girls | All Denim Casual Day Out Look | Shop Now #Shorts,https://www.youtube.com/watch?v=Of51g1Mj7bE,@nirja_kamat,favourite denim look!✨💙,Ugxd3uWIuSLdB8je2bB4AaABAg,0,1724233971.839582,Transcript not available,2026-08-21T15:22:51.839702
YouTube,Get Ready For A Brunch Date With Your Girls | All Denim Casual Day Out Look | Shop Now #Shorts,https://www.youtube.com/watch?v=Of51g1Mj7bE,@nykaafashionofficial,Looks so good on you! 🔥,Ugxd3uWIuSLdB8je2bB4AaABAg.9udHSpy80ud9uf8V9oRe0K,0,1724233972.148424,Transcript not available,2026-08-21T15:22:52.148694
YouTube,2 Viral Fashion Hacks You Need To Try | Trendy and Stylish DIY Scarf Tops | Shop Now #shorts,https://www.youtube.com/watch?v=OFt0pAZKLgo,@nykaafashionofficial,"Click the links below to stash your favourite outfits showcased in the video:
1️⃣Hack 1: DIY One-Shoulder Top

Scarf Top- https://shrturl.app/8Vo2Es
Pants- https://shrturl.app/U3Y23k
Necklace- https://shrturl.app/BJsYhK
2️⃣Hack 2: DIY Scarf Top

Scarf - https://shrturl.app/MjATsD
Pants- https://shrturl.app/9o8WmP
Bag- https://shrturl.app/ku80F2",Ugx0JJNtaQM-MB6YiyV4AaABAg,0,1724233983.518483,Transcript not available,2026-08-21T15:23:03.518626
YouTube,4 Jeans Essential For Every Wardrobe | Closet Staple Denim Styles | Shop Now #Shorts,https://www.youtube.com/watch?v=PNIfxR7iIxs,@nykaafashionofficial,"💕 Shop the featured jeans by clicking the links below:
Wide Leg Jeans: https://shrturl.app/OmDItu
Straight Cut Jeans: https://shrturl.app/KLrcs-
Flared Jeans: https://shrturl.app/zafQCN
Ankle Length Jeans: https://shrturl.app/ATJOcZ",UgzPoPLlffafxO-MsJJ4AaABAg,0,1724233986.915042,Transcript not available,2026-08-21T15:23:06.915175
YouTube,3 Stylish Indo-Western Looks For The Festive Season | Shop Now on Nykaa Fashion #Shorts,https://www.youtube.com/watch?v=OaFXz2V_yLw,@nykaafashionofficial,"DON'T FORGET✨ Purchase your favourite looks from the video by clicking the links below:
Look 1: Peplum Top With Harem Pants
Top: https://shrturl.app/AgcpzA
Pant: https://shrturl.app/UP74Ul
Heels: https://shrturl.app/llE8Nb

Look 2 : White Shirt With Block Printed Pants
Bracelet: https://shrturl.app/LZV-xx
Pants: https://shrturl.app/y9LY9v
Top: https://shrturl.app/odP4dn
  
Look 3: Crop Top, Cape and Trousers
Cape: https://shrturl.app/ep3mMR
Crop top: https://shrturl.app/oBFHXt
Pants: https://shrturl.app/6osAX4
Bracelet: https://shrturl.app/f9sdJQ",UgwLcIDVr7ffbH2hL7l4AaABAg,0,1724233990.853085,Transcript not available,2026-08-21T15:23:10.853373
YouTube,Get Festive Ready With Nykaa Fashion | Style Stories | Ganesh Chaturthi Look | Shop Now #Shorts,https://www.youtube.com/watch?v=nvUw9Oct_9w,@nykaafashionofficial,"✨Style Stories✨ #Part6: Get Ganesh Chaturthi Ready with this yellow and purple gota lehenga. This festive season, Nykaa Fashion shares the history of Indianwear crafts, along with styling recommendations to customize the craft, especially for you💙 Click here to shop our Ganesh Chaturthi Curation: https://shrturl.app/U_GK-W",UgwHjL8bnhyETMlKEmt4AaABAg,0,1724233994.276859,Transcript not available,2026-08-21T15:23:14.276992
YouTube,How To Style 1 Saree In 3 Ways | Stylish Ways To Drape Your Sarees | Shop Now #shorts,https://www.youtube.com/watch?v=cOj5tndDSXY,@nykaafashionofficial,"These styles will ensure you have the most unique outfit💕 If you too, want to stand out with glam click on the links to shop the looks🥻🔥:
🥻 Look 1
Saree: https://shrturl.app/vJlcEm
Cape Set: https://shrturl.app/N2kRbz

🥻Look 2
Saree: https://shrturl.app/vJlcEm
Dupatta: https://shrturl.app/ov5-a8
Belt: https://shrturl.app/FxyXd9

🥻Look 3
Saree: https://shrturl.app/vJlcEm
Lehenga: https://shrturl.app/m9L-Ek",Ugw5v_4sslzq94e00jR4AaABAg,0,1724233998.169243,Transcript not available,2026-08-21T15:23:18.169390
YouTube,How To Style 1 Saree In 3 Ways | Stylish Ways To Drape Your Sarees | Shop Now #shorts,https://www.youtube.com/watch?v=cOj5tndDSXY,@ayanshsinghal6599,you also looking,UgzTxbQGJ4o--AQ_lXB4AaABAg,1,1724233998.170494,Transcript not available,2026-08-21T15:23:18.170585
YouTube,How To Dress If You Don't Like Showing Skin | 5 Stylish Everyday Wear Looks | Shop Now #Shorts,https://www.youtube.com/watch?v=sU9gV6pz2iE,@nykaafashionofficial,"If you like dressing conservative, this guide is perfect for you. Here are outfits you will feel comfortable in✨
Shop the similar looks on Nykaa Fashion by clicking the links below:

💕 Look 1:
High Neck Top: https://shrturl.app/Xt4nyg
Cargos: https://shrturl.app/EM-T_L

💕 Look 2:
Jacket: https://shrturl.app/sOF6ok
Denims: https://shrturl.app/Lxd9Um

💕 Look 3
Hoodie: https://shrturl.app/eDKAU0
Joggers: https://shrturl.app/7dz6p7

💕 Look 4
Sheer Top: https://shrturl.app/Mb7IA_
Pants:https://shrturl.app/3qBeT5

💕 Look 5
Jumpsuit: https://shrturl.app/hwjQPc",UgxRem88z809BW6hNSF4AaABAg,0,1724234001.347691,Transcript not available,2026-08-21T15:23:21.347818
YouTube,How To Dress If You Don't Like Showing Skin | 5 Stylish Everyday Wear Looks | Shop Now #Shorts,https://www.youtube.com/watch?v=sU9gV6pz2iE,@DivyanshiAggarwal,Yeah girl 😍😍,UgyTCkxdFcZ7NOSVoHx4AaABAg,0,1724234001.348938,Transcript not available,2026-08-21T15:23:21.349039
YouTube,How To Dress If You Don't Like Showing Skin | 5 Stylish Everyday Wear Looks | Shop Now #Shorts,https://www.youtube.com/watch?v=sU9gV6pz2iE,@neerajbansal7106,Beautiful girl❤🎉,UgzdbkWYoiiBgrWvCUZ4AaABAg,0,1724234001.350151,Transcript not available,2026-08-21T15:23:21.350242
YouTube,How To Dress If You Don't Like Showing Skin | 5 Stylish Everyday Wear Looks | Shop Now #Shorts,https://www.youtube.com/watch?v=sU9gV6pz2iE,@neerusingla8500,❤❤❤🤩😘😘😘,Ugywtru-w_OSyasP1pF4AaABAg,0,1724234001.351326,Transcript not available,2026-08-21T15:23:21.351427
YouTube,How To Dress If You Don't Like Showing Skin | 5 Stylish Everyday Wear Looks | Shop Now #Shorts,https://www.youtube.com/watch?v=sU9gV6pz2iE,@Divya_energy,Love it 😍😍😍😍We’ll definitely try🥰🥰🥰🥰,UgySYDL72kPESW48BXR4AaABAg,0,1724234001.352526,Transcript not available,2026-08-21T15:23:21.352620
YouTube,How To Dress If You Don't Like Showing Skin | 5 Stylish Everyday Wear Looks | Shop Now #Shorts,https://www.youtube.com/watch?v=sU9gV6pz2iE,@nykaafashionofficial,You should! ♥️,UgySYDL72kPESW48BXR4AaABAg.9uShYUapz0K9vt_ewVGMFL,0,1724234001.853058,Transcript not available,2026-08-21T15:23:21.853388
YouTube,How To Style 1 Pair Of Cycling Shorts In 2 Ways | Casual Looks | Shop Now On Nykaa Fashion #shorts,https://www.youtube.com/watch?v=OKS7HI1K6AA,@nykaafashionofficial,"Save it and Thank us later!😍 It’s time to go Back to Basics❤️ Recreate your favourite look now!

Click here to shop the products featured:
Cycling shorts: https://shrturl.app/5nfHNJ
Black Top: https://shrturl.app/RoEAAM
Black Graphic Tshirt: https://shrturl.app/hiqExI",UgzwUpMM28tdMxHWb-94AaABAg,1,1724234004.96565,Transcript not available,2026-08-21T15:23:24.965782
YouTube,Get Ready With Nykaa Fashion For A Friend's Wedding | Stylish Lehenga Look | Shop Now #shorts,https://www.youtube.com/watch?v=lV_Oe2eKdd8,@Divya_energy,Beautiful 😍 beautiful 😍 beautiful 😍,UgzaGiUuy0xoTlVnAIl4AaABAg,0,1724234008.826255,Transcript not available,2026-08-21T15:23:28.826397
YouTube,Get Ready With Nykaa Fashion For A Friend's Wedding | Stylish Lehenga Look | Shop Now #shorts,https://www.youtube.com/watch?v=lV_Oe2eKdd8,@aashivsingla4517,Just mesmerized by the look😍😍😍😍,UgwvSLY7gMKKXZw5Q2B4AaABAg,0,1724234008.827576,Transcript not available,2026-08-21T15:23:28.827678
YouTube,Get Ready With Nykaa Fashion For A Friend's Wedding | Stylish Lehenga Look | Shop Now #shorts,https://www.youtube.com/watch?v=lV_Oe2eKdd8,@DivyanshiAggarwal,My Beautiful 🥰🥰🥰,UgzvzJDPVAn1OkdVU1d4AaABAg,0,1724234008.828849,Transcript not available,2026-08-21T15:23:28.828956
YouTube,Get Ready With Nykaa Fashion For A Friend's Wedding | Stylish Lehenga Look | Shop Now #shorts,https://www.youtube.com/watch?v=lV_Oe2eKdd8,@ruhiegoel7435,Gorgeous always,Ugz32FNDGc5dIr3GqIh4AaABAg,0,1724234008.830204,Transcript not available,2026-08-21T15:23:28.830321
YouTube,Get Ready With Nykaa Fashion For A Friend's Wedding | Stylish Lehenga Look | Shop Now #shorts,https://www.youtube.com/watch?v=lV_Oe2eKdd8,@neerajbansal7106,Very nice 🎉,UgwnyOxilO9AeVq74fV4AaABAg,0,1724234008.831612,Transcript not available,2026-08-21T15:23:28.831725
YouTube,Get Ready With Nykaa Fashion For A Friend's Wedding | Stylish Lehenga Look | Shop Now #shorts,https://www.youtube.com/watch?v=lV_Oe2eKdd8,@nykaafashionofficial,"Love this look? Recreate now by clicking on these links below:
Lehenga: https://shrturl.app/7kzcUJ
Jewellery: https://shrturl.app/4zAWkR",UgyNyBdlBXUMzmABbXN4AaABAg,0,1724234008.832992,Transcript not available,2026-08-21T15:23:28.833121
YouTube,Trending Corset Dress Look You Need To Try | Stylish Occasion Wear | Shop On Nykaa Fashion #shorts,https://www.youtube.com/watch?v=NKx7jsYnrLo,@nykaafashionofficial,"Looking for a sassy yet stylish look for your next date/party/event/? Don't worry, we have got you sorted with this trending corset dress look! 

Recreate now by shopping the feature products! Click on the links below to shop:
Dress: https://shrturl.app/5JOHc-
Bag: https://shrturl.app/68YccK
Heels: https://shrturl.app/qlzW0a",Ugzlnbt3kCcj5oGuUz14AaABAg,0,1724234012.417843,Transcript not available,2026-08-21T15:23:32.418147
YouTube,Get Ready With Nykaa Fashion For Janmashtami  | Stylish Saree Look | Style Stories Part 5 | #Shorts,https://www.youtube.com/watch?v=oivUlDkVlvA,@nykaafashionofficial,"✨Style Stories✨ #Part5: Get Janmashtami Ready with this yellow and blue tie and die saree💓



Click this link to shop our special Janmashtami Edit: https://shrturl.app/2aMrm7",Ugwh5VjlFSPi2pN4iwt4AaABAg,0,1724234017.319679,Transcript not available,2026-08-21T15:23:37.319799
YouTube,How To Style One Tee For Different Occasions | Smart and Stylish Looks | Shop Now On Nykaa Fashion,https://www.youtube.com/watch?v=qOhejlkdpK0,@nykaafashionofficial,"Style, Slay and Repeat! Time to style your favorite t-shirt for different occasions❤️

It’s time to go back to basics❤️ Shop trendy t-shirts from Twenty Dresses by clicking on this link: https://shrturl.app/eLOisQ",UgxWGV5_DjyGPFv-wmV4AaABAg,0,1724234021.213771,Transcript not available,2026-08-21T15:23:41.213899
YouTube,How To Wear A White Shirt In 3 Different Ways | Office and Everyday Stylish Looks | Nykaa Fashion,https://www.youtube.com/watch?v=w23x1r0Vb7E,@nykaafashionofficial,"If you've ever wondered how much you could do with a simple white shirt, this video is for you. Cropped, tucked, tie-up and more - 🔥Muskan Thirani🔥 from the Nykaa Fashion Army is here to show you 3 unique hacks you never knew you could do with just one white shirt, making it a must-have piece for your closet! Are you ready to get creative? Shop the white shirt by clicking on this link: https://shrturl.app/vBqHWC",UgyF-45Eyf327wCHVnF4AaABAg,1,1724234033.082745,Transcript not available,2026-08-21T15:23:53.082896
YouTube,How To Recreate Kareena Kapoor's Viral Flowy Kurta Set Look | Stylish Festive Look Guide | Shop Now,https://www.youtube.com/watch?v=pko48jtM_CY,@nykaafashionofficial,"TIME TO RECREATE⏰  Kareena Kapoor's Viral Flowy Kurta Set Look💗 This look stole the hearts of many, this suit set sure is the glam piece you need to stash for this festive season‼️Click the links to shop the look: 
Suit: https://shrturl.app/b6LB-u
Bag: https://shrturl.app/pd-fex
Bangle: https://shrturl.app/-nV3OB
Earrings:https://shrturl.app/3mSERI
Footwear: heels:https://shrturl.app/UVBZzv",UgzAtg0LduyNcTXraXV4AaABAg,0,1724234037.481081,Transcript not available,2026-08-21T15:23:57.481202
YouTube,How To Style 1 Corset In 3 Ways | Three Stylish and Trendy Outfit Ideas | Shop Now On Nykaa Fashion,https://www.youtube.com/watch?v=9TAwfBpL5vk,@nykaafashionofficial,"Comment your favourite look below👇 and don't  forget to stash this versatile corset and other pieces styled with it by clicking on these links below:

Style 1 

White corset:https://shrturl.app/eAbDUU
Black slit skirt:https://shrturl.app/1i71zW
white heels:https://shrturl.app/z3GGUW
Bag:https://shrturl.app/67R9qv
Necklace:https://shrturl.app/ahGAw7


Style 2
White corset:https://shrturl.app/eAbDUU 
Skirt:https://shrturl.app/CkPZ3a
Bag:https://shrturl.app/dwcon_
Shoes:https://shrturl.app/EVFKtm

Style 3

White corset:https://shrturl.app/eAbDUU  
Pant:https://shrturl.app/eytLik
Heels:https://shrturl.app/C5iubD
Bag:https://shrturl.app/gnNpn4",Ugy3M7-D-d9ium89l_h4AaABAg,0,1692611644.95158,Transcript not available,2026-08-21T15:24:04.951702
YouTube,4 Stylish Accessory Brands Perfect For The Festive Season | New On Nykaa Fashion | Shop Now,https://www.youtube.com/watch?v=dqfXBShVjLI,@nykaafashionofficial,"Shop the most trending styles from our stylist-approved brands🎉 Click these links to shop:
Teejh: https://shrturl.app/y1kxZ1
Zaveri Pearls: https://shrturl.app/zbmjqK
Odette: https://shrturl.app/WA6Rs2
Gajra Gang: https://shrturl.app/D3ptMh",Ugy7wH-V4h4hZNHRdud4AaABAg,0,1692611648.131322,Transcript not available,2026-08-21T15:24:08.131455
YouTube,Get Ready With Nykaa Fashion For Onam | Stylish Kasavu Saree Look | Style Stories Part 1 | Shop Now,https://www.youtube.com/watch?v=Wd7JhqL6Iu8,@nykaafashionofficial,"✨Style Stories✨ #Part1: Embrace the playful spirit of Onam in our vibrant Kasavu sarees✨🪔

Click this link to shop our special onam edit: https://shrturl.app/HS9D42",Ugy3H6uL6TCY4HE5I-Z4AaABAg,0,1692611652.219678,Transcript not available,2026-08-21T15:24:12.219798
YouTube,Get Festive Ready With Nykaa Fashion | Style Stories | Celebration of Indian Craft | Shop Now,https://www.youtube.com/watch?v=t12Y9bIzW88,@nykaafashionofficial,Get ready for Style Stories with Nykaa Fashion ✨ Experience a unique journey through the rich heritage and culture behind these breathtaking Indian wear crafts.,UgyADxPbRYKJR18_K_V4AaABAg,0,1692611657.854302,Transcript not available,2026-08-21T15:24:17.854648
YouTube,Get Ready For Brunch With Nykaa Fashion | Stylish outfits and accessories | Shop Now,https://www.youtube.com/watch?v=wt-EOOvoPoo,@nykaafashionofficial,"Our in-house stylist shows you how to ace a brunch look with stylish picks from Twenty Dresses By Nykaa Fashion.

Don't  forget to stash these versatile pieces by clicking on this link: https://bit.ly/43SlId7",Ugxl6r9Pz0PnTUi8SEh4AaABAg,0,1692611661.760128,Transcript not available,2026-08-21T15:24:21.760461
YouTube,How To Elevate All Your Festive Looks | Styling Tips and Tricks | Shop Now On Nykaa Fashion,https://www.youtube.com/watch?v=hJ2hZKQBKBA,@nykaafashionofficial,"0 to 10 on a jiffy✨ Accessorising your look right can make it a 💯‼️ As festive season is around the corner you need the perfect accessories to stand out!

Grab festive jewellery pieces to elevate all your festive looks by clicking here: https://shrturl.app/OadD9J",Ugx8a30fkWQz_xY95DF4AaABAg,0,1692611665.940446,Transcript not available,2026-08-21T15:24:25.940568
