platform,id,comment_id,author,video_title,video_url,content,likes,time_parsed,created_at,video_transcript,scraped_at
YouTube,Ugywc8jRyOVS0dDZMSt4AaABAg.AKWrBfnAod3AKWs3Qf822p,Ugywc8jRyOVS0dDZMSt4AaABAg.AKWrBfnAod3AKWs3Qf822p,@SwatiRathi,"Shopped My Entire Wishlist from Amazon, Nykaa, Myntra & H&M,Tira..😍Huge Haul |Swati Rathi #trending",https://www.youtube.com/watch?v=zXc3wn0rrpI,https://www.wishlink.com/share/njyacc,0,1756628893.478595,2025-08-31T13:58:13.478595,Transcript not available,2026-08-31T13:58:13.478995
YouTube,UgwQ4e6tqunU_Nvglkl4AaABAg,UgwQ4e6tqunU_Nvglkl4AaABAg,@navyaSagar-500,Trying Unique Beauty Products from My Subscriber's Wishlist 😍 | Are They Worth it?,https://www.youtube.com/watch?v=5fk8a9QDnzI,Bro see I will recommend u to purchase tuco kids item they r too safe for skin,0,1780216473.812731,2026-05-31T14:04:33.812731,Transcript not available,2026-08-31T14:04:37.972270
YouTube,UgxzjRe-zwSzqmWBfVF4AaABAg,UgxzjRe-zwSzqmWBfVF4AaABAg,@MdImdadali-w9n,Trying Unique Beauty Products from My Subscriber's Wishlist 😍 | Are They Worth it?,https://www.youtube.com/watch?v=5fk8a9QDnzI,😊Kmnygggf ❤🤵🏻👰🏻🧖🏻😊,0,1772267673.815889,2026-02-28T14:04:33.815889,Transcript not available,2026-08-31T14:04:37.972297
YouTube,UgxmTjzRIRQtTTb6qw54AaABAg,UgxmTjzRIRQtTTb6qw54AaABAg,@MuhammadHasnain-ee9lu,Trying Unique Beauty Products from My Subscriber's Wishlist 😍 | Are They Worth it?,https://www.youtube.com/watch?v=5fk8a9QDnzI,I am from Pakistan ❤😊,0,1769848473.818964,2026-01-31T14:04:33.818964,Transcript not available,2026-08-31T14:04:37.972316
YouTube,UgzbaksIQDhjNOGX7Ah4AaABAg,UgzbaksIQDhjNOGX7Ah4AaABAg,@AditiSharma-vx8sn,Trying Unique Beauty Products from My Subscriber's Wishlist 😍 | Are They Worth it?,https://www.youtube.com/watch?v=5fk8a9QDnzI,Hello sonia dii i have been watching your videos since 2years constantly and you and your boyfrnd are so sweet and I love you dii❤,0,1764491673.825028,2025-11-30T14:04:33.825028,Transcript not available,2026-08-31T14:04:37.972374
YouTube,UgyNCH3bZ8QGlQB-U5x4AaABAg,UgyNCH3bZ8QGlQB-U5x4AaABAg,@RohitSoni-v3t,Trying Unique Beauty Products from My Subscriber's Wishlist 😍 | Are They Worth it?,https://www.youtube.com/watch?v=5fk8a9QDnzI,Didi aap plz har weak one video dala kro Aapke video bohot mast h video jaldi jaldi dala kro,0,1764491673.828107,2025-11-30T14:04:33.828107,Transcript not available,2026-08-31T14:04:37.972412
YouTube,UgxhNdOuI-HbKixYTCl4AaABAg,UgxhNdOuI-HbKixYTCl4AaABAg,@CynthiaMinhas,Trying Unique Beauty Products from My Subscriber's Wishlist 😍 | Are They Worth it?,https://www.youtube.com/watch?v=5fk8a9QDnzI,For the glue part outside your dress ... you can remove it with help of wet towel or some wetwipe.. it works i have been using this product from different brand... its great product,0,1764491673.832168,2025-11-30T14:04:33.832168,Transcript not available,2026-08-31T14:04:37.972474
YouTube,UgxkCL9Tqgjccfz4VPh4AaABAg,UgxkCL9Tqgjccfz4VPh4AaABAg,@Vanika.makeover7963,Trying Unique Beauty Products from My Subscriber's Wishlist 😍 | Are They Worth it?,https://www.youtube.com/watch?v=5fk8a9QDnzI,U lie 😒😒,0,1764491673.836725,2025-11-30T14:04:33.836725,Transcript not available,2026-08-31T14:04:37.972486
YouTube,UgyFP98GxlAolN5hbTB4AaABAg,UgyFP98GxlAolN5hbTB4AaABAg,@sadboyf.c.a5372,Trying Unique Beauty Products from My Subscriber's Wishlist 😍 | Are They Worth it?,https://www.youtube.com/watch?v=5fk8a9QDnzI,Tissue ka link please 🙏,0,1761899673.841269,2025-10-31T14:04:33.841269,Transcript not available,2026-08-31T14:04:37.972502
YouTube,UgxbF8H5Cab4i-cei3p4AaABAg,UgxbF8H5Cab4i-cei3p4AaABAg,@manishsoni8708,Trying Unique Beauty Products from My Subscriber's Wishlist 😍 | Are They Worth it?,https://www.youtube.com/watch?v=5fk8a9QDnzI,hi soniya kya aapke Erikka IPL Hair Removal se sahi me ab hair nhi aate please honstly reply krna,1,1761899673.849447,2025-10-31T14:04:33.849447,Transcript not available,2026-08-31T14:04:37.972541
YouTube,UgyA0Sox70M7E3Sk15t4AaABAg,UgyA0Sox70M7E3Sk15t4AaABAg,@TaniaMaqbool-j9q,Trying Unique Beauty Products from My Subscriber's Wishlist 😍 | Are They Worth it?,https://www.youtube.com/watch?v=5fk8a9QDnzI,Please try neokoyanin makeup please please please please please please please please please please please please please please please please,0,1761899673.853078,2025-10-31T14:04:33.853078,Transcript not available,2026-08-31T14:04:37.972581
YouTube,UgwZojOkduFMvH0vTC14AaABAg,UgwZojOkduFMvH0vTC14AaABAg,@bhoramahi9868,Trying Unique Beauty Products from My Subscriber's Wishlist 😍 | Are They Worth it?,https://www.youtube.com/watch?v=5fk8a9QDnzI,wear demon hunters outfits,0,1761899673.856546,2025-10-31T14:04:33.856546,Transcript not available,2026-08-31T14:04:37.972596
YouTube,UgxaYNRAM3mYSNbXqzF4AaABAg,UgxaYNRAM3mYSNbXqzF4AaABAg,@BuntyKalpana-p5h,Trying Unique Beauty Products from My Subscriber's Wishlist 😍 | Are They Worth it?,https://www.youtube.com/watch?v=5fk8a9QDnzI,Aap sirf badan dikha rahe Ho,0,1761899673.859845,2025-10-31T14:04:33.859845,Transcript not available,2026-08-31T14:04:37.972613
YouTube,UgwCYVQowe1aLme5zet4AaABAg,UgwCYVQowe1aLme5zet4AaABAg,@poojaj8965,Trying Unique Beauty Products from My Subscriber's Wishlist 😍 | Are They Worth it?,https://www.youtube.com/watch?v=5fk8a9QDnzI,4:28 😂he is true 😂😂😂,6,1761899673.863097,2025-10-31T14:04:33.863097,Transcript not available,2026-08-31T14:04:37.972630
YouTube,Ugx8515hRs_drtYG4v54AaABAg,Ugx8515hRs_drtYG4v54AaABAg,@tungtung_billii,Trying Unique Beauty Products from My Subscriber's Wishlist 😍 | Are They Worth it?,https://www.youtube.com/watch?v=5fk8a9QDnzI,"Didi, please recreate demon slayer outfits ❤",0,1761899673.867448,2025-10-31T14:04:33.867448,Transcript not available,2026-08-31T14:04:37.972652
YouTube,Ugxl1CuWkn4bTP48FOp4AaABAg,Ugxl1CuWkn4bTP48FOp4AaABAg,@divakilla2046,Trying Unique Beauty Products from My Subscriber's Wishlist 😍 | Are They Worth it?,https://www.youtube.com/watch?v=5fk8a9QDnzI,Didi try whimsy beauty make up kit please🙏🙏,0,1761899673.872325,2025-10-31T14:04:33.872325,Transcript not available,2026-08-31T14:04:37.972678
YouTube,Ugx9F2Azpm4fcVAJc9V4AaABAg,Ugx9F2Azpm4fcVAJc9V4AaABAg,@Rishaa-v1l,Trying Unique Beauty Products from My Subscriber's Wishlist 😍 | Are They Worth it?,https://www.youtube.com/watch?v=5fk8a9QDnzI,"sonia di tbh...mreko jb bhi low feel hota h mai apke  videos dekh leti hu like you are a pretty distraction jisse mreko reality se bhagne ka chance milta h...mai apke videos bs ye product ya hauls k liye nhi dekhti idk why but apka voice smile and the way you talk...muje sch me nhi pta kaise apke videos dekh k i feel okyy apke hand gusture🫶🏻 
aap schi bht charming ho... thankyou for being there for me...🫀",0,1761899673.876966,2025-10-31T14:04:33.876966,Transcript not available,2026-08-31T14:04:37.972829
YouTube,UgyhUvmqRN6eyHooisx4AaABAg,UgyhUvmqRN6eyHooisx4AaABAg,@AliyaFatima-p1m,Trying Unique Beauty Products from My Subscriber's Wishlist 😍 | Are They Worth it?,https://www.youtube.com/watch?v=5fk8a9QDnzI,Please try what's in my bag ❤🎉🎉  please Iam following you for four years😢     please upload 😅,0,1761899673.881627,2025-10-31T14:04:33.881627,Transcript not available,2026-08-31T14:04:37.972870
YouTube,UgxhV_EkDLV0X4e98l94AaABAg,UgxhV_EkDLV0X4e98l94AaABAg,@tanishkavasave961,Trying Unique Beauty Products from My Subscriber's Wishlist 😍 | Are They Worth it?,https://www.youtube.com/watch?v=5fk8a9QDnzI,Press on nails ke upar bhi video banao plzz sonia di please,0,1761899673.885272,2025-10-31T14:04:33.885272,Transcript not available,2026-08-31T14:04:37.972897
YouTube,UgzbaksIQDhjNOGX7Ah4AaABAg.APptoEg2a1KAPs1EszTcZH,UgzbaksIQDhjNOGX7Ah4AaABAg.APptoEg2a1KAPs1EszTcZH,@SoniaGarg,Trying Unique Beauty Products from My Subscriber's Wishlist 😍 | Are They Worth it?,https://www.youtube.com/watch?v=5fk8a9QDnzI,"Aww, thank you for watching for so long! So sweet of you! 🥰",1,1764491674.272618,2025-11-30T14:04:34.272618,Transcript not available,2026-08-31T14:04:37.972927
YouTube,UgzbaksIQDhjNOGX7Ah4AaABAg.APptoEg2a1KAPyeOo9f67F,UgzbaksIQDhjNOGX7Ah4AaABAg.APptoEg2a1KAPyeOo9f67F,@AditiSharma-vx8sn,Trying Unique Beauty Products from My Subscriber's Wishlist 😍 | Are They Worth it?,https://www.youtube.com/watch?v=5fk8a9QDnzI,​ @SoniaGarg ❤❤thank you for replying diii🥺,0,1764491674.27533,2025-11-30T14:04:34.275330,Transcript not available,2026-08-31T14:04:37.972946
YouTube,UgzjIJlA45swN_A3qPx4AaABAg,UgzjIJlA45swN_A3qPx4AaABAg,@sunoEakKahani,Trying Unique Beauty Products from My Subscriber's Wishlist 😍 | Are They Worth it?,https://www.youtube.com/watch?v=5fk8a9QDnzI,Please review the flexible claw clips,1,1761899674.766205,2025-10-31T14:04:34.766205,Transcript not available,2026-08-31T14:04:37.972962
YouTube,UgyB38vUV1WY6ifbI7x4AaABAg,UgyB38vUV1WY6ifbI7x4AaABAg,@RameezSahito-k8p,Trying Unique Beauty Products from My Subscriber's Wishlist 😍 | Are They Worth it?,https://www.youtube.com/watch?v=5fk8a9QDnzI,Sonia ji kuchh unic try karo jaise aapki purani video mein hote hain aap khud se hi design kapde karte Hain to vaise please karo waiting for this please please please please please please please please,6,1761899674.76928,2025-10-31T14:04:34.769280,Transcript not available,2026-08-31T14:04:37.973026
YouTube,UgzZRDqZgNnTbqCPWgp4AaABAg,UgzZRDqZgNnTbqCPWgp4AaABAg,@suvarnawankhade6868,Trying Unique Beauty Products from My Subscriber's Wishlist 😍 | Are They Worth it?,https://www.youtube.com/watch?v=5fk8a9QDnzI,Sonia di please do that Instagram scoop trending videos,0,1761899674.772021,2025-10-31T14:04:34.772021,Transcript not available,2026-08-31T14:04:37.973061
YouTube,UgxUyPlnIcQWDML11254AaABAg,UgxUyPlnIcQWDML11254AaABAg,@ParvaniAthawale,Trying Unique Beauty Products from My Subscriber's Wishlist 😍 | Are They Worth it?,https://www.youtube.com/watch?v=5fk8a9QDnzI,Didi plss college outfit kro aur under budget,1,1761899674.774677,2025-10-31T14:04:34.774677,Transcript not available,2026-08-31T14:04:37.973082
YouTube,UgxCRDIZ47sPaRtmQGB4AaABAg,UgxCRDIZ47sPaRtmQGB4AaABAg,@fashionforever7189,Trying Unique Beauty Products from My Subscriber's Wishlist 😍 | Are They Worth it?,https://www.youtube.com/watch?v=5fk8a9QDnzI,Very nice video soniya❤❤❤,1,1761899674.777301,2025-10-31T14:04:34.777301,Transcript not available,2026-08-31T14:04:37.973098
YouTube,UgyPUHI1LCELvXR_VWR4AaABAg,UgyPUHI1LCELvXR_VWR4AaABAg,@aaliyareciting,Trying Unique Beauty Products from My Subscriber's Wishlist 😍 | Are They Worth it?,https://www.youtube.com/watch?v=5fk8a9QDnzI,Please try kevin and coco eyeshadow palette,0,1761899674.780125,2025-10-31T14:04:34.780125,Transcript not available,2026-08-31T14:04:37.973118
YouTube,Ugyg1C3Y_3OZmWmKyDR4AaABAg,Ugyg1C3Y_3OZmWmKyDR4AaABAg,@KatariyaTamanna,Trying Unique Beauty Products from My Subscriber's Wishlist 😍 | Are They Worth it?,https://www.youtube.com/watch?v=5fk8a9QDnzI,I want to tell you that you have tried fake fixie glue it’s probably because you have ordered it from wrong place I have tried that product and it was amazing and lasts me more than a day,2,1761899674.782917,2025-10-31T14:04:34.782917,Transcript not available,2026-08-31T14:04:37.973190
YouTube,Ugx0Q5AWA3dI2E0rHih4AaABAg,Ugx0Q5AWA3dI2E0rHih4AaABAg,@ParmeshwarGaur-y1g,Trying Unique Beauty Products from My Subscriber's Wishlist 😍 | Are They Worth it?,https://www.youtube.com/watch?v=5fk8a9QDnzI,Please chai chocolate shape contour from Amazon,1,1761899674.786182,2025-10-31T14:04:34.786182,Transcript not available,2026-08-31T14:04:37.973209
YouTube,Ugw3pzQamKUKf5fpExR4AaABAg,Ugw3pzQamKUKf5fpExR4AaABAg,@Shamoonbhatti26,Trying Unique Beauty Products from My Subscriber's Wishlist 😍 | Are They Worth it?,https://www.youtube.com/watch?v=5fk8a9QDnzI,Hath pr bhi skin hi hai didi,4,1761899674.788985,2025-10-31T14:04:34.788985,Transcript not available,2026-08-31T14:04:37.973227
YouTube,UgwmkkDdS0FQjmSQMaB4AaABAg,UgwmkkDdS0FQjmSQMaB4AaABAg,@shireenhaider3423,Trying Unique Beauty Products from My Subscriber's Wishlist 😍 | Are They Worth it?,https://www.youtube.com/watch?v=5fk8a9QDnzI,Do Dresse inspired by apps please please please,1,1761899674.791823,2025-10-31T14:04:34.791823,Transcript not available,2026-08-31T14:04:37.973247
YouTube,UgwJi1K_f6WfOQlm4uB4AaABAg,UgwJi1K_f6WfOQlm4uB4AaABAg,@fz_harsh,Trying Unique Beauty Products from My Subscriber's Wishlist 😍 | Are They Worth it?,https://www.youtube.com/watch?v=5fk8a9QDnzI,Aloo khaoge didi,3,1761899674.794486,2025-10-31T14:04:34.794486,Transcript not available,2026-08-31T14:04:37.973259
YouTube,Ugz3XnLze2_N8iAswCB4AaABAg,Ugz3XnLze2_N8iAswCB4AaABAg,@hibaansari2,Trying Unique Beauty Products from My Subscriber's Wishlist 😍 | Are They Worth it?,https://www.youtube.com/watch?v=5fk8a9QDnzI,Pehle mehnge mein pagal bante the ab saste mein ban rhe hai😂😂,0,1761899674.797255,2025-10-31T14:04:34.797255,Transcript not available,2026-08-31T14:04:37.973287
YouTube,UgxwEXvW4UgyDxwOofp4AaABAg,UgxwEXvW4UgyDxwOofp4AaABAg,@sharalanthony,Trying Unique Beauty Products from My Subscriber's Wishlist 😍 | Are They Worth it?,https://www.youtube.com/watch?v=5fk8a9QDnzI,Is it worth it to try the first product? Roll on stick?,1,1761899674.79995,2025-10-31T14:04:34.799950,Transcript not available,2026-08-31T14:04:37.973314
YouTube,UgxAz8cTbqdzKKaGa2x4AaABAg,UgxAz8cTbqdzKKaGa2x4AaABAg,@aditiwagh4024,Trying Unique Beauty Products from My Subscriber's Wishlist 😍 | Are They Worth it?,https://www.youtube.com/watch?v=5fk8a9QDnzI,Manni is looking cute in a new haircut 😍,11,1761899674.802999,2025-10-31T14:04:34.802999,Transcript not available,2026-08-31T14:04:37.973337
YouTube,UgyB-nA222AO8ZW6A_F4AaABAg,UgyB-nA222AO8ZW6A_F4AaABAg,@LalisaMonoban-u6b,Trying Unique Beauty Products from My Subscriber's Wishlist 😍 | Are They Worth it?,https://www.youtube.com/watch?v=5fk8a9QDnzI,Plz try savana  hair wigs n extentions 🥺,2,1761899674.805659,2025-10-31T14:04:34.805659,Transcript not available,2026-08-31T14:04:37.973363
YouTube,UgwnTPKrWVNhG4Ue-HB4AaABAg,UgwnTPKrWVNhG4Ue-HB4AaABAg,@nandiniselukar17,Trying Unique Beauty Products from My Subscriber's Wishlist 😍 | Are They Worth it?,https://www.youtube.com/watch?v=5fk8a9QDnzI,"I love love loved the wet towel product, it was soo damn unique, great quality, totally useful & soo aesthetic looking ❤❤",7,1761899674.808531,2025-10-31T14:04:34.808531,Transcript not available,2026-08-31T14:04:37.973416
YouTube,UgyI2ploCIn3cv2vbO94AaABAg,UgyI2ploCIn3cv2vbO94AaABAg,@shristiprasad6319,Trying Unique Beauty Products from My Subscriber's Wishlist 😍 | Are They Worth it?,https://www.youtube.com/watch?v=5fk8a9QDnzI,Try viral fashion hacks.. please sonia di😊 it's been a long time since we have watched that atrangi hacks on you😁,2,1761899674.811542,2025-10-31T14:04:34.811542,Transcript not available,2026-08-31T14:04:37.973466
YouTube,UgzqU7sJ5rYrP57CE3t4AaABAg,UgzqU7sJ5rYrP57CE3t4AaABAg,@lalitapraveshpandey6739,Trying Unique Beauty Products from My Subscriber's Wishlist 😍 | Are They Worth it?,https://www.youtube.com/watch?v=5fk8a9QDnzI,Didi please diwali meesho outfit in budget,1,1761899674.817753,2025-10-31T14:04:34.817753,Transcript not available,2026-08-31T14:04:37.973493
YouTube,UgwIh7pw3Mo6STCCo5F4AaABAg,UgwIh7pw3Mo6STCCo5F4AaABAg,@Curly_tales22,Trying Unique Beauty Products from My Subscriber's Wishlist 😍 | Are They Worth it?,https://www.youtube.com/watch?v=5fk8a9QDnzI,Di please do jeans haul for long height girl 😢 under 1000,1,1761899674.820651,2025-10-31T14:04:34.820651,Transcript not available,2026-08-31T14:04:37.973529
YouTube,UgynnqdZp7pKohmkBX14AaABAg,UgynnqdZp7pKohmkBX14AaABAg,@NutriBites-M5q,Trying Unique Beauty Products from My Subscriber's Wishlist 😍 | Are They Worth it?,https://www.youtube.com/watch?v=5fk8a9QDnzI,Didi Keysoul 3 in 1 tint lipstick try kro and review plz.. 😊,1,1761899675.242532,2025-10-31T14:04:35.242532,Transcript not available,2026-08-31T14:04:37.973567
YouTube,UgzMpQtvZrw1XQqv7h94AaABAg,UgzMpQtvZrw1XQqv7h94AaABAg,@aaryan20102010,Trying Unique Beauty Products from My Subscriber's Wishlist 😍 | Are They Worth it?,https://www.youtube.com/watch?v=5fk8a9QDnzI,Maa Kasam jisne like nahi kiya vo pakka exam mein fail hoga don't take risk 💀💀,1,1761899675.245745,2025-10-31T14:04:35.245745,Transcript not available,2026-08-31T14:04:37.973608
YouTube,Ugx2z8WI3H3Gsrt2dIp4AaABAg,Ugx2z8WI3H3Gsrt2dIp4AaABAg,@bagdakajaljk,Trying Unique Beauty Products from My Subscriber's Wishlist 😍 | Are They Worth it?,https://www.youtube.com/watch?v=5fk8a9QDnzI,Aapne bola skin pr jyada pta chalta he meri mummy bol rhe he hath me bhi skin hi hoti he😂 mene bola ha mummy face ki skin ki bat chal rhi he yha😂,3,1761899675.248916,2025-10-31T14:04:35.248916,Transcript not available,2026-08-31T14:04:37.973675
YouTube,Ugxbio9zhr_mLtJrM8Z4AaABAg,Ugxbio9zhr_mLtJrM8Z4AaABAg,@MayaMalhotra-p9x,Trying Unique Beauty Products from My Subscriber's Wishlist 😍 | Are They Worth it?,https://www.youtube.com/watch?v=5fk8a9QDnzI,It’s been 5 years I’m your subscriber ☺️☺️❤❤,1,1761899675.252486,2025-10-31T14:04:35.252486,Transcript not available,2026-08-31T14:04:37.973700
YouTube,UgxoPPt3iY_ENZ2EYqV4AaABAg,UgxoPPt3iY_ENZ2EYqV4AaABAg,@neelamkashyap2540,Trying Unique Beauty Products from My Subscriber's Wishlist 😍 | Are They Worth it?,https://www.youtube.com/watch?v=5fk8a9QDnzI,Halka sa sochu kuchh ho rha h 😅😅😅😅 I love that moment ❤😊,27,1761899675.255563,2025-10-31T14:04:35.255563,Transcript not available,2026-08-31T14:04:37.973728
YouTube,UgyOFtjA1w1AOpvDia54AaABAg,UgyOFtjA1w1AOpvDia54AaABAg,@nidhiroses,Trying Unique Beauty Products from My Subscriber's Wishlist 😍 | Are They Worth it?,https://www.youtube.com/watch?v=5fk8a9QDnzI,That ponds powder is really good as a compact I used the Thailand version,4,1761899675.258769,2025-10-31T14:04:35.258769,Transcript not available,2026-08-31T14:04:37.973758
YouTube,UgzwYc9Qqg4URy1CGxh4AaABAg,UgzwYc9Qqg4URy1CGxh4AaABAg,@srushtiwaghmare546,Trying Unique Beauty Products from My Subscriber's Wishlist 😍 | Are They Worth it?,https://www.youtube.com/watch?v=5fk8a9QDnzI,Powder sab niche gir gayi clap kiya to face par kya hi lagega,1,1761899675.262165,2025-10-31T14:04:35.262165,Transcript not available,2026-08-31T14:04:37.973786
YouTube,UgzFHTzB6qrTek4Wl2d4AaABAg,UgzFHTzB6qrTek4Wl2d4AaABAg,@PonkhiLahon,Trying Unique Beauty Products from My Subscriber's Wishlist 😍 | Are They Worth it?,https://www.youtube.com/watch?v=5fk8a9QDnzI,Aaye finally new video aa geya🫠🫠,1,1761899675.270723,2025-10-31T14:04:35.270723,Transcript not available,2026-08-31T14:04:37.973806
YouTube,UgwkbGqW4-kzGhS0VZR4AaABAg,UgwkbGqW4-kzGhS0VZR4AaABAg,@siddhikapse1406,Trying Unique Beauty Products from My Subscriber's Wishlist 😍 | Are They Worth it?,https://www.youtube.com/watch?v=5fk8a9QDnzI,I hope I win the Diwali giveaway 🥺💗,2,1761899675.273848,2025-10-31T14:04:35.273848,Transcript not available,2026-08-31T14:04:37.973827
YouTube,UgyDety9K-V1Oht8X0x4AaABAg,UgyDety9K-V1Oht8X0x4AaABAg,@Suruti-c3h,Trying Unique Beauty Products from My Subscriber's Wishlist 😍 | Are They Worth it?,https://www.youtube.com/watch?v=5fk8a9QDnzI,Bahut sundar laga rahe ho aap ❤❤❤,1,1761899675.276961,2025-10-31T14:04:35.276961,Transcript not available,2026-08-31T14:04:37.973846
YouTube,Ugw2pzjKdHed1uWgTJ14AaABAg,Ugw2pzjKdHed1uWgTJ14AaABAg,@ITSmeJK-r5f,Trying Unique Beauty Products from My Subscriber's Wishlist 😍 | Are They Worth it?,https://www.youtube.com/watch?v=5fk8a9QDnzI,You are very interesting and your vedios are incredible ❤❤❤❤ i loveeee youuuuu,1,1761899675.280073,2025-10-31T14:04:35.280073,Transcript not available,2026-08-31T14:04:37.973875
YouTube,UgxhCN62_Jcuy7J0ZpF4AaABAg,UgxhCN62_Jcuy7J0ZpF4AaABAg,@nikitathakur652,Trying Unique Beauty Products from My Subscriber's Wishlist 😍 | Are They Worth it?,https://www.youtube.com/watch?v=5fk8a9QDnzI,Didi ap bhut acchi vedio banate hoo hair ke liye kuch use kijiye naa,1,1761899675.283099,2025-10-31T14:04:35.283099,Transcript not available,2026-08-31T14:04:37.973903
YouTube,UgyLE3UDBOUtXAya54V4AaABAg,UgyLE3UDBOUtXAya54V4AaABAg,@Priya_sharma008,Trying Unique Beauty Products from My Subscriber's Wishlist 😍 | Are They Worth it?,https://www.youtube.com/watch?v=5fk8a9QDnzI,Wow vary butifull products❤😊,1,1761899675.286159,2025-10-31T14:04:35.286159,Transcript not available,2026-08-31T14:04:37.973920
YouTube,Ugz3zaRZaovDFxRrYU94AaABAg,Ugz3zaRZaovDFxRrYU94AaABAg,@musicalyrics6091,Trying Unique Beauty Products from My Subscriber's Wishlist 😍 | Are They Worth it?,https://www.youtube.com/watch?v=5fk8a9QDnzI,73 th comment ❤,0,1761899675.289558,2025-10-31T14:04:35.289558,Transcript not available,2026-08-31T14:04:37.973935
YouTube,UgwExloQrv7heEK5Pt54AaABAg,UgwExloQrv7heEK5Pt54AaABAg,@nainu_this_side,Trying Unique Beauty Products from My Subscriber's Wishlist 😍 | Are They Worth it?,https://www.youtube.com/watch?v=5fk8a9QDnzI,please try tan removal from niconi beauty,1,1761899675.292805,2025-10-31T14:04:35.292805,Transcript not available,2026-08-31T14:04:37.973954
YouTube,UgwtRcZmTlEk5nLHV0B4AaABAg,UgwtRcZmTlEk5nLHV0B4AaABAg,@khushisaharan918,Trying Unique Beauty Products from My Subscriber's Wishlist 😍 | Are They Worth it?,https://www.youtube.com/watch?v=5fk8a9QDnzI,"Please recreate k-pop, kdrama outfits please Sonia di please please please please please 🙏🙏🙏",129,1761899675.296372,2025-10-31T14:04:35.296372,Transcript not available,2026-08-31T14:04:37.973987
YouTube,UgyxHagd0CYfA1ql6Yd4AaABAg,UgyxHagd0CYfA1ql6Yd4AaABAg,@nidhibhosale8802,Trying Unique Beauty Products from My Subscriber's Wishlist 😍 | Are They Worth it?,https://www.youtube.com/watch?v=5fk8a9QDnzI,Please try lip oil that gives lip stain. Budget friendly and long lasting,2,1761899675.299648,2025-10-31T14:04:35.299648,Transcript not available,2026-08-31T14:04:37.974015
YouTube,UgylEdu96c7sWjWjndx4AaABAg,UgylEdu96c7sWjWjndx4AaABAg,@nidhibhosale8802,Trying Unique Beauty Products from My Subscriber's Wishlist 😍 | Are They Worth it?,https://www.youtube.com/watch?v=5fk8a9QDnzI,"Please try non revealing farewell/freshres dress.

#Challenge:- Full sleeves/short sleeves with below knee length. No slits. Fully strict parents approved.",12,1761899675.302958,2025-10-31T14:04:35.302958,Transcript not available,2026-08-31T14:04:37.974072
YouTube,Ugx0w0FdClY9l6pO03N4AaABAg,Ugx0w0FdClY9l6pO03N4AaABAg,@hellokitty_1111,Trying Unique Beauty Products from My Subscriber's Wishlist 😍 | Are They Worth it?,https://www.youtube.com/watch?v=5fk8a9QDnzI,Please try fiama Japanese soap fhir aapka 100% ye reaction itni pyari khushboo❤,3,1761899675.306071,2025-10-31T14:04:35.306071,Transcript not available,2026-08-31T14:04:37.974104
YouTube,UgwtRcZmTlEk5nLHV0B4AaABAg.AOAVjyHf6wfAOrMe0_cpCp,UgwtRcZmTlEk5nLHV0B4AaABAg.AOAVjyHf6wfAOrMe0_cpCp,@Ayushi_rajput_,Trying Unique Beauty Products from My Subscriber's Wishlist 😍 | Are They Worth it?,https://www.youtube.com/watch?v=5fk8a9QDnzI,yes plsss❤,1,1761899676.126785,2025-10-31T14:04:36.126785,Transcript not available,2026-08-31T14:04:37.974119
YouTube,UgwtRcZmTlEk5nLHV0B4AaABAg.AOAVjyHf6wfAOBC_KPCqmC,UgwtRcZmTlEk5nLHV0B4AaABAg.AOAVjyHf6wfAOBC_KPCqmC,@MudasirHakeem-e6z,Trying Unique Beauty Products from My Subscriber's Wishlist 😍 | Are They Worth it?,https://www.youtube.com/watch?v=5fk8a9QDnzI,Yes plz,0,1761899676.132253,2025-10-31T14:04:36.132253,Transcript not available,2026-08-31T14:04:37.974129
YouTube,UgwtRcZmTlEk5nLHV0B4AaABAg.AOAVjyHf6wfAOBiN1z-Sr4,UgwtRcZmTlEk5nLHV0B4AaABAg.AOAVjyHf6wfAOBiN1z-Sr4,@urluv.el3,Trying Unique Beauty Products from My Subscriber's Wishlist 😍 | Are They Worth it?,https://www.youtube.com/watch?v=5fk8a9QDnzI,Yes yu should,0,1761899676.138367,2025-10-31T14:04:36.138367,Transcript not available,2026-08-31T14:04:37.974141
YouTube,UgwtRcZmTlEk5nLHV0B4AaABAg.AOAVjyHf6wfAOYlUU3tRmJ,UgwtRcZmTlEk5nLHV0B4AaABAg.AOAVjyHf6wfAOYlUU3tRmJ,@vibhorgarg5223,Trying Unique Beauty Products from My Subscriber's Wishlist 😍 | Are They Worth it?,https://www.youtube.com/watch?v=5fk8a9QDnzI,Yes pls,0,1761899676.143538,2025-10-31T14:04:36.143538,Transcript not available,2026-08-31T14:04:37.974151
YouTube,UgybmLN6dr695W-h2zZ4AaABAg,UgybmLN6dr695W-h2zZ4AaABAg,@gitanjalidas9629,Trying Unique Beauty Products from My Subscriber's Wishlist 😍 | Are They Worth it?,https://www.youtube.com/watch?v=5fk8a9QDnzI,Didi please try Hyphen peptide lip balm in the shade of Hazel❤😢,3,1761899676.593226,2025-10-31T14:04:36.593226,Transcript not available,2026-08-31T14:04:37.974183
YouTube,Ugx3wm9OtUJ1dYP5NeF4AaABAg,Ugx3wm9OtUJ1dYP5NeF4AaABAg,@Kajal_singh_Anjal730,Trying Unique Beauty Products from My Subscriber's Wishlist 😍 | Are They Worth it?,https://www.youtube.com/watch?v=5fk8a9QDnzI,Hearty thanks for the content you brought for us.i genuinely liked all your scripts it's mind blowing.❤❤❤❤❤❤❤❤❤❤,1,1761899676.596855,2025-10-31T14:04:36.596855,Transcript not available,2026-08-31T14:04:37.974225
YouTube,Ugws5fq69NYhed8iAAt4AaABAg,Ugws5fq69NYhed8iAAt4AaABAg,@sakshiiiiiiiiiiii123,Trying Unique Beauty Products from My Subscriber's Wishlist 😍 | Are They Worth it?,https://www.youtube.com/watch?v=5fk8a9QDnzI,🤧 di sarojini with subscriber challenge kb kroge 😭 0:47,1,1761899676.599661,2025-10-31T14:04:36.599661,Transcript not available,2026-08-31T14:04:37.974248
YouTube,UgwqNH8mhduyExhuFop4AaABAg,UgwqNH8mhduyExhuFop4AaABAg,@radha6953,Trying Unique Beauty Products from My Subscriber's Wishlist 😍 | Are They Worth it?,https://www.youtube.com/watch?v=5fk8a9QDnzI,Sonia Di first of all you are the best❤💕💖✨💯,3,1761899676.602652,2025-10-31T14:04:36.602652,Transcript not available,2026-08-31T14:04:37.974272
YouTube,UgwgUN9uKIYEjkZTaRN4AaABAg,UgwgUN9uKIYEjkZTaRN4AaABAg,@DONTMESSWITHBLINKS,Trying Unique Beauty Products from My Subscriber's Wishlist 😍 | Are They Worth it?,https://www.youtube.com/watch?v=5fk8a9QDnzI,3:09  Di hand pay b skin hota hai 😂,8,1761899676.605473,2025-10-31T14:04:36.605473,Transcript not available,2026-08-31T14:04:37.974294
YouTube,UgxL8GtLCaRa6upx7pR4AaABAg,UgxL8GtLCaRa6upx7pR4AaABAg,@Ishq_ika_,Trying Unique Beauty Products from My Subscriber's Wishlist 😍 | Are They Worth it?,https://www.youtube.com/watch?v=5fk8a9QDnzI,Di vo last vid ka give away ho gya h kya?😄,2,1761899676.608365,2025-10-31T14:04:36.608365,Transcript not available,2026-08-31T14:04:37.974319
YouTube,UgxFK7yR0l_8fxD1edJ4AaABAg,UgxFK7yR0l_8fxD1edJ4AaABAg,@riyagupta2430,Trying Unique Beauty Products from My Subscriber's Wishlist 😍 | Are They Worth it?,https://www.youtube.com/watch?v=5fk8a9QDnzI,I like that injection type liploss. That was looking cool 😎😅😊❤,1,1761899676.614112,2025-10-31T14:04:36.614112,Transcript not available,2026-08-31T14:04:37.974348
YouTube,UgzpffmjvYXlRzFeAKx4AaABAg,UgzpffmjvYXlRzFeAKx4AaABAg,@riyagupta2430,Trying Unique Beauty Products from My Subscriber's Wishlist 😍 | Are They Worth it?,https://www.youtube.com/watch?v=5fk8a9QDnzI,Lovely products 🎉😊,1,1761899676.617031,2025-10-31T14:04:36.617031,Transcript not available,2026-08-31T14:04:37.974360
YouTube,Ugz0bbgACYOYiWsuJ-t4AaABAg,Ugz0bbgACYOYiWsuJ-t4AaABAg,@piyasamondal6585,Trying Unique Beauty Products from My Subscriber's Wishlist 😍 | Are They Worth it?,https://www.youtube.com/watch?v=5fk8a9QDnzI,"📌I like last purple saree 💜l would style it at diwali 🎆with long earring,open hair,some bangles ,at last one mini ston Bindi you look so pretty all saree❤@shopsoniawishlist @hervagabondlife 🥺🥺🥺",0,1761899676.623755,2025-10-31T14:04:36.623755,Transcript not available,2026-08-31T14:04:37.974428
YouTube,UgyHNIsun5TVO73K4qR4AaABAg,UgyHNIsun5TVO73K4qR4AaABAg,@SHUBHI12124,Trying Unique Beauty Products from My Subscriber's Wishlist 😍 | Are They Worth it?,https://www.youtube.com/watch?v=5fk8a9QDnzI,Didi please make a video on diwali outfits,2,1761899676.626645,2025-10-31T14:04:36.626645,Transcript not available,2026-08-31T14:04:37.974449
YouTube,UgxgxQozC5l46f7z7p54AaABAg,UgxgxQozC5l46f7z7p54AaABAg,@Asha-q9y1s,Trying Unique Beauty Products from My Subscriber's Wishlist 😍 | Are They Worth it?,https://www.youtube.com/watch?v=5fk8a9QDnzI,"Hiiiiii di 
I am your big fan 
I love these kind of videos 💖",1,1761899676.651238,2025-10-31T14:04:36.651238,Transcript not available,2026-08-31T14:04:37.974501
YouTube,UgzPYeZXL1H5TD2f4vN4AaABAg,UgzPYeZXL1H5TD2f4vN4AaABAg,@pandaartcraft626,Trying Unique Beauty Products from My Subscriber's Wishlist 😍 | Are They Worth it?,https://www.youtube.com/watch?v=5fk8a9QDnzI,42nd comment🌝✨,0,1761899677.068319,2025-10-31T14:04:37.068319,Transcript not available,2026-08-31T14:04:37.974513
YouTube,UgzmfmY99u14VqZxUa14AaABAg,UgzmfmY99u14VqZxUa14AaABAg,@who_cares3-d7q,Trying Unique Beauty Products from My Subscriber's Wishlist 😍 | Are They Worth it?,https://www.youtube.com/watch?v=5fk8a9QDnzI,Beautiful sonia dii 🎉❤,0,1761899677.073587,2025-10-31T14:04:37.073587,Transcript not available,2026-08-31T14:04:37.974527
YouTube,UgwGOT50_En6G2KE99Z4AaABAg,UgwGOT50_En6G2KE99Z4AaABAg,@Sumitra-d1e,Trying Unique Beauty Products from My Subscriber's Wishlist 😍 | Are They Worth it?,https://www.youtube.com/watch?v=5fk8a9QDnzI,Who agree that her channel is adective🎉,32,1761899677.07856,2025-10-31T14:04:37.078560,Transcript not available,2026-08-31T14:04:37.974548
YouTube,Ugw2uJHGA4NpYVHHxyN4AaABAg,Ugw2uJHGA4NpYVHHxyN4AaABAg,@sanahpathan7890,Trying Unique Beauty Products from My Subscriber's Wishlist 😍 | Are They Worth it?,https://www.youtube.com/watch?v=5fk8a9QDnzI,"I luv ur videos, plz try collegen mask from meesho and strobe cream",1,1761899677.083545,2025-10-31T14:04:37.083545,Transcript not available,2026-08-31T14:04:37.974575
YouTube,UgwywRFhxMn7di7JvYR4AaABAg,UgwywRFhxMn7di7JvYR4AaABAg,@EktaChouhan1,Trying Unique Beauty Products from My Subscriber's Wishlist 😍 | Are They Worth it?,https://www.youtube.com/watch?v=5fk8a9QDnzI,What's bheeni bheeni,0,1761899677.092339,2025-10-31T14:04:37.092339,Transcript not available,2026-08-31T14:04:37.974593
YouTube,Ugz3_oYytiTclPV6v114AaABAg,Ugz3_oYytiTclPV6v114AaABAg,@vanshikaparashar3664,Trying Unique Beauty Products from My Subscriber's Wishlist 😍 | Are They Worth it?,https://www.youtube.com/watch?v=5fk8a9QDnzI,freeup haul when di?,1,1761899677.097913,2025-10-31T14:04:37.097913,Transcript not available,2026-08-31T14:04:37.974609
YouTube,UgxiLDhQ8s2T6sHKFn54AaABAg,UgxiLDhQ8s2T6sHKFn54AaABAg,@GrowsMusic,Trying Unique Beauty Products from My Subscriber's Wishlist 😍 | Are They Worth it?,https://www.youtube.com/watch?v=5fk8a9QDnzI,Diwali makeup and outfit video please 😅❤,1,1761899677.100827,2025-10-31T14:04:37.100827,Transcript not available,2026-08-31T14:04:37.974633
YouTube,Ugw4BzOK9XcHNQx0Rrt4AaABAg,Ugw4BzOK9XcHNQx0Rrt4AaABAg,@Reeva-g4e,Trying Unique Beauty Products from My Subscriber's Wishlist 😍 | Are They Worth it?,https://www.youtube.com/watch?v=5fk8a9QDnzI,I love you so much 💗😘 ur just so cute 🥺🥰,2,1761899677.10362,2025-10-31T14:04:37.103620,Transcript not available,2026-08-31T14:04:37.974660
YouTube,UgxPGURphOkatVUHe_Z4AaABAg,UgxPGURphOkatVUHe_Z4AaABAg,@vikasverma3319,Trying Unique Beauty Products from My Subscriber's Wishlist 😍 | Are They Worth it?,https://www.youtube.com/watch?v=5fk8a9QDnzI,🌟☺️👌💯💯🤗💓,0,1761899677.109021,2025-10-31T14:04:37.109021,Transcript not available,2026-08-31T14:04:37.974673
YouTube,Ugz523A1EXsPLgFPgHl4AaABAg,Ugz523A1EXsPLgFPgHl4AaABAg,@Wavydiary,Trying Unique Beauty Products from My Subscriber's Wishlist 😍 | Are They Worth it?,https://www.youtube.com/watch?v=5fk8a9QDnzI,"Sonia di .... I love your videos you make  so well content ....i sosososo luuvvv it 
🌸🌸🌸🫶🏼✨️
(Muah)🤭💋🌸✨️🫶🏼",0,1761899677.111577,2025-10-31T14:04:37.111577,Transcript not available,2026-08-31T14:04:37.974712
YouTube,UgydF_9Yh3N6cxjySBZ4AaABAg,UgydF_9Yh3N6cxjySBZ4AaABAg,@TejaswaniBansal,Trying Unique Beauty Products from My Subscriber's Wishlist 😍 | Are They Worth it?,https://www.youtube.com/watch?v=5fk8a9QDnzI,"Hi didi ❤
Thankyou for the good content😊",1,1761899677.117278,2025-10-31T14:04:37.117278,Transcript not available,2026-08-31T14:04:37.974737
YouTube,UgwGFx9FnZU0lO_PJWB4AaABAg,UgwGFx9FnZU0lO_PJWB4AaABAg,@Art_by_neha-123,Trying Unique Beauty Products from My Subscriber's Wishlist 😍 | Are They Worth it?,https://www.youtube.com/watch?v=5fk8a9QDnzI,18th comment 😂❤😊,3,1761899677.12043,2025-10-31T14:04:37.120430,Transcript not available,2026-08-31T14:04:37.974751
YouTube,Ugzwh8nBXc5Vf-iMW1V4AaABAg,Ugzwh8nBXc5Vf-iMW1V4AaABAg,@kavitadubey8980,Trying Unique Beauty Products from My Subscriber's Wishlist 😍 | Are They Worth it?,https://www.youtube.com/watch?v=5fk8a9QDnzI,First ... You are the best 🌸love your  videos and personality 💗😘..,2,1761899677.123445,2025-10-31T14:04:37.123445,Transcript not available,2026-08-31T14:04:37.974780
YouTube,UgwsfOI1lVcWNgJVkXN4AaABAg,UgwsfOI1lVcWNgJVkXN4AaABAg,@pratikshaakhanda9164,Trying Unique Beauty Products from My Subscriber's Wishlist 😍 | Are They Worth it?,https://www.youtube.com/watch?v=5fk8a9QDnzI,Within 1 min,0,1761899677.126235,2025-10-31T14:04:37.126235,Transcript not available,2026-08-31T14:04:37.974792
YouTube,Ugz2zoephmrHCaKBwhJ4AaABAg,Ugz2zoephmrHCaKBwhJ4AaABAg,@tanishkasingh3098,Trying Unique Beauty Products from My Subscriber's Wishlist 😍 | Are They Worth it?,https://www.youtube.com/watch?v=5fk8a9QDnzI,love ur videos and u dii,0,1761899677.128914,2025-10-31T14:04:37.128914,Transcript not available,2026-08-31T14:04:37.974807
YouTube,UgwGOT50_En6G2KE99Z4AaABAg.AOALS2wY39FAOAUTUb2k5f,UgwGOT50_En6G2KE99Z4AaABAg.AOALS2wY39FAOAUTUb2k5f,@Perspective_matters_to_us,Trying Unique Beauty Products from My Subscriber's Wishlist 😍 | Are They Worth it?,https://www.youtube.com/watch?v=5fk8a9QDnzI,"Addictive..Yes, you are absolutely right 😊",2,1761899677.430672,2025-10-31T14:04:37.430672,Transcript not available,2026-08-31T14:04:37.974828
YouTube,UgxMbXnoaWsmmk3jJ654AaABAg,UgxMbXnoaWsmmk3jJ654AaABAg,@disha_singh_vlogs,Trying Unique Beauty Products from My Subscriber's Wishlist 😍 | Are They Worth it?,https://www.youtube.com/watch?v=5fk8a9QDnzI,Plz reply,0,1761899677.810988,2025-10-31T14:04:37.810988,Transcript not available,2026-08-31T14:04:37.974839
YouTube,UgxqCHVDiA18AduFTgV4AaABAg,UgxqCHVDiA18AduFTgV4AaABAg,@milky14-20y,Trying Unique Beauty Products from My Subscriber's Wishlist 😍 | Are They Worth it?,https://www.youtube.com/watch?v=5fk8a9QDnzI,My fav dii ❤,0,1761899677.813842,2025-10-31T14:04:37.813842,Transcript not available,2026-08-31T14:04:37.974853
YouTube,Ugy4kqohu6d9iIRk9H14AaABAg,Ugy4kqohu6d9iIRk9H14AaABAg,@AnuskaNath-22,Trying Unique Beauty Products from My Subscriber's Wishlist 😍 | Are They Worth it?,https://www.youtube.com/watch?v=5fk8a9QDnzI,"Caught within a minute ❤ love from Kolkata sonia di , pls come here onceeee",0,1761899677.816658,2025-10-31T14:04:37.816658,Transcript not available,2026-08-31T14:04:37.974886
YouTube,Ugy9WemWnWI89Kq1Vxt4AaABAg,Ugy9WemWnWI89Kq1Vxt4AaABAg,@GlowwithNoor9,Trying Unique Beauty Products from My Subscriber's Wishlist 😍 | Are They Worth it?,https://www.youtube.com/watch?v=5fk8a9QDnzI,Back with another video alots of luv for u❤,5,1761899677.820899,2025-10-31T14:04:37.820899,Transcript not available,2026-08-31T14:04:37.974910
YouTube,Ugx1Hu3kTOpreyOOLwl4AaABAg,Ugx1Hu3kTOpreyOOLwl4AaABAg,@food-p1d4u,Trying Unique Beauty Products from My Subscriber's Wishlist 😍 | Are They Worth it?,https://www.youtube.com/watch?v=5fk8a9QDnzI,Caught u in 26 seconds cuz I am addicted to this channel love from Nepal ♥️♥️,1,1761899677.824356,2025-10-31T14:04:37.824356,Transcript not available,2026-08-31T14:04:37.974946
YouTube,UgyayzR23MgTQFr1KRd4AaABAg,UgyayzR23MgTQFr1KRd4AaABAg,@padmavathikrishnappa6859,Trying Unique Beauty Products from My Subscriber's Wishlist 😍 | Are They Worth it?,https://www.youtube.com/watch?v=5fk8a9QDnzI,1st view and 1st comment 😅,0,1761899677.828633,2025-10-31T14:04:37.828633,Transcript not available,2026-08-31T14:04:37.974964
YouTube,UgwLlxU23ECDLQMDVoF4AaABAg,UgwLlxU23ECDLQMDVoF4AaABAg,@nikitabedre4821,Trying Unique Beauty Products from My Subscriber's Wishlist 😍 | Are They Worth it?,https://www.youtube.com/watch?v=5fk8a9QDnzI,Miss u sonia di 💕🥺,0,1761899677.833379,2025-10-31T14:04:37.833379,Transcript not available,2026-08-31T14:04:37.974979
YouTube,UgzY2GKx5ns5dpJj9-J4AaABAg,UgzY2GKx5ns5dpJj9-J4AaABAg,@miss_collarbone,Trying Unique Beauty Products from My Subscriber's Wishlist 😍 | Are They Worth it?,https://www.youtube.com/watch?v=5fk8a9QDnzI,Omg first like first comment 🎉,0,1761899677.846647,2025-10-31T14:04:37.846647,Transcript not available,2026-08-31T14:04:37.975002
YouTube,UgxitcOR0DamzNkhL6t4AaABAg,UgxitcOR0DamzNkhL6t4AaABAg,@Riyadailyvlogs01,Trying Unique Beauty Products from My Subscriber's Wishlist 😍 | Are They Worth it?,https://www.youtube.com/watch?v=5fk8a9QDnzI,First comment 😍,0,1761899677.851125,2025-10-31T14:04:37.851125,Transcript not available,2026-08-31T14:04:37.975014
YouTube,UgwuIhH2AjSn7oQFmDZ4AaABAg,UgwuIhH2AjSn7oQFmDZ4AaABAg,@chinmayichinnu2231,Trying Unique Beauty Products from My Subscriber's Wishlist 😍 | Are They Worth it?,https://www.youtube.com/watch?v=5fk8a9QDnzI,1st comment reply plzz didi ❤,0,1761899677.855686,2025-10-31T14:04:37.855686,Transcript not available,2026-08-31T14:04:37.975033
YouTube,UgzB8XpFIQCeHfXNE-d4AaABAg,UgzB8XpFIQCeHfXNE-d4AaABAg,@amhsa8488,Trying Unique Beauty Products from My Subscriber's Wishlist 😍 | Are They Worth it?,https://www.youtube.com/watch?v=5fk8a9QDnzI,♥️♥️♥️,0,1761899677.859746,2025-10-31T14:04:37.859746,Transcript not available,2026-08-31T14:04:37.975041
YouTube,UgwhPleQwBIf5J7DrE14AaABAg,UgwhPleQwBIf5J7DrE14AaABAg,@poojaprajapathi1574,Trying Unique Beauty Products from My Subscriber's Wishlist 😍 | Are They Worth it?,https://www.youtube.com/watch?v=5fk8a9QDnzI,"First one 🎉❤❤❤
Love your video's ❤",1,1761899677.865916,2025-10-31T14:04:37.865916,Transcript not available,2026-08-31T14:04:37.975077
YouTube,UgxlbjONED2uKZUqL8p4AaABAg,UgxlbjONED2uKZUqL8p4AaABAg,@Kushi-vm8lk,"Nykaa Pink Summer Sale 2025 Recommendations💸😍Upto 60% OFF😱|Best Makeup,Skincare,Bodycare,Perfume",https://www.youtube.com/watch?v=VKk020SxStQ,Bellavita perfume mera bhi favourite hai 😍😍😍,1,1756629603.565467,2025-08-31T14:10:03.565467,Transcript not available,2026-08-31T14:10:03.679562
YouTube,UgzZg6-1H64DBiYz6ER4AaABAg,UgzZg6-1H64DBiYz6ER4AaABAg,@Suniti_Singh,“I Spent ₹6000 on Nykaa Sale…🫣Was It Worth It?! 💸 | Honest Haul”🤯,https://www.youtube.com/watch?v=fdQrcYC9v-o,So far Elf is my favourite brand ❤😍,0,1756629607.437059,2025-08-31T14:10:07.437059,Transcript not available,2026-08-31T14:10:08.643604
YouTube,Ugzw70uziUnHncSoS-R4AaABAg,Ugzw70uziUnHncSoS-R4AaABAg,@radhika5768,Purchased My Wishlist Products from Nykaa Pink Friday sale #nykaapinkfridaysale #nykaa,https://www.youtube.com/watch?v=NIEHEcNJwRY,BB or cc cream se makeup kala ho jata h kya lgate h jisse kala na pde,0,1756629607.423625,2025-08-31T14:10:07.423625,Transcript not available,2026-08-31T14:10:08.646213
YouTube,UgzbPlxFuIfL8FRL-1h4AaABAg,UgzbPlxFuIfL8FRL-1h4AaABAg,@nishanishu6607,Purchased My Wishlist Products from Nykaa Pink Friday sale #nykaapinkfridaysale #nykaa,https://www.youtube.com/watch?v=NIEHEcNJwRY,Thank you for the review..!!❤❤❤,0,1756629607.434582,2025-08-31T14:10:07.434582,Transcript not available,2026-08-31T14:10:08.646255
YouTube,Ugzw70uziUnHncSoS-R4AaABAg.AF7E6JLXwfuAF7q8kkZ1tS,Ugzw70uziUnHncSoS-R4AaABAg.AF7E6JLXwfuAF7q8kkZ1tS,@neha.sharma234,Purchased My Wishlist Products from Nykaa Pink Friday sale #nykaapinkfridaysale #nykaa,https://www.youtube.com/watch?v=NIEHEcNJwRY,"Color correction karni padti  hai for kala nahi hota 
Cc or bb ka coverage kum hota hai aur agar aap apki skin color se light shade use karte hai toh woh see through hone ki wajah se kala lagta hai",0,1756629608.538114,2025-08-31T14:10:08.538114,Transcript not available,2026-08-31T14:10:08.646390
YouTube,Ugze-Xa8kievw_DC10F4AaABAg,Ugze-Xa8kievw_DC10F4AaABAg,@Riya_Shah,"Nykaa Hot Pink Sale 2025 🛍️ | My Favourites, Tips & What to Buy Before It’s Gone!",https://www.youtube.com/watch?v=Ou85clMWXzg,Which product do you want me to try next?❤,0,1756629616.557598,2025-08-31T14:10:16.557598,Transcript not available,2026-08-31T14:10:20.795628
YouTube,Ugy8YRowso_A8PNUX1h4AaABAg,Ugy8YRowso_A8PNUX1h4AaABAg,@SangamBharti-n7c,"Nykaa Hot Pink Sale 2025 🛍️ | My Favourites, Tips & What to Buy Before It’s Gone!",https://www.youtube.com/watch?v=Ou85clMWXzg,Di aap e ye kurti kaha se buy ki h please reply di,1,1756629616.569808,2025-08-31T14:10:16.569808,Transcript not available,2026-08-31T14:10:20.795691
YouTube,UgwsJILmehcbZi8pKqJ4AaABAg,UgwsJILmehcbZi8pKqJ4AaABAg,@prittiishahvlogs,"Nykaa Hot Pink Sale 2025 🛍️ | My Favourites, Tips & What to Buy Before It’s Gone!",https://www.youtube.com/watch?v=Ou85clMWXzg,Sahi h tumane bata diya 😊,1,1756629616.572889,2025-08-31T14:10:16.572889,Transcript not available,2026-08-31T14:10:20.795727
YouTube,UgwvBgVERDOVWokd-9V4AaABAg,UgwvBgVERDOVWokd-9V4AaABAg,@Piyushupreti06,"Nykaa Hot Pink Sale 2025 🛍️ | My Favourites, Tips & What to Buy Before It’s Gone!",https://www.youtube.com/watch?v=Ou85clMWXzg,Looking this video while all the body care I’ve ever used is a lifebuoy ka sabun. Good going ❤😂,1,1756629616.574933,2025-08-31T14:10:16.574933,Transcript not available,2026-08-31T14:10:20.795804
YouTube,UgzUSeUYMBiJsldYlJ14AaABAg,UgzUSeUYMBiJsldYlJ14AaABAg,@flyingbravogamer4539,"Nykaa Hot Pink Sale 2025 🛍️ | My Favourites, Tips & What to Buy Before It’s Gone!",https://www.youtube.com/watch?v=Ou85clMWXzg,Lakme or Maybelline which one should i take,1,1756629616.576993,2025-08-31T14:10:16.576993,Transcript not available,2026-08-31T14:10:20.795839
YouTube,UgwqWbcTgwdVjuq1WWl4AaABAg,UgwqWbcTgwdVjuq1WWl4AaABAg,@Anushka1234-f5i,"Nykaa Hot Pink Sale 2025 🛍️ | My Favourites, Tips & What to Buy Before It’s Gone!",https://www.youtube.com/watch?v=Ou85clMWXzg,Pinky ponky 🫧💗,1,1756629616.578942,2025-08-31T14:10:16.578942,Transcript not available,2026-08-31T14:10:20.795861
YouTube,UgyjCtMl0cVDrnFeQrB4AaABAg,UgyjCtMl0cVDrnFeQrB4AaABAg,@Bhu_miiiiiii,"Nykaa Hot Pink Sale 2025 🛍️ | My Favourites, Tips & What to Buy Before It’s Gone!",https://www.youtube.com/watch?v=Ou85clMWXzg,Mai bhi try krti hu perfume ye ❤❤,1,1756629616.580883,2025-08-31T14:10:16.580883,Transcript not available,2026-08-31T14:10:20.795896
YouTube,Ugy8YRowso_A8PNUX1h4AaABAg.AL95yWEa70kAL96ZQOMuiy,Ugy8YRowso_A8PNUX1h4AaABAg.AL95yWEa70kAL96ZQOMuiy,@Riya_Shah,"Nykaa Hot Pink Sale 2025 🛍️ | My Favourites, Tips & What to Buy Before It’s Gone!",https://www.youtube.com/watch?v=Ou85clMWXzg,Menny Trends se li. Apko Ajio me mil jaegy search krke. Maybe..❤,0,1756629618.210188,2025-08-31T14:10:18.210188,Transcript not available,2026-08-31T14:10:20.795956
YouTube,UgwsJILmehcbZi8pKqJ4AaABAg.AL6ZNXkfBN7AL6ZXQaD2KW,UgwsJILmehcbZi8pKqJ4AaABAg.AL6ZNXkfBN7AL6ZXQaD2KW,@prittiishahvlogs,"Nykaa Hot Pink Sale 2025 🛍️ | My Favourites, Tips & What to Buy Before It’s Gone!",https://www.youtube.com/watch?v=Ou85clMWXzg,Subscribe kar liya 😊,1,1756629618.526145,2025-08-31T14:10:18.526145,Transcript not available,2026-08-31T14:10:20.795980
YouTube,UgwsJILmehcbZi8pKqJ4AaABAg.AL6ZNXkfBN7AL6_cqi_-A8,UgwsJILmehcbZi8pKqJ4AaABAg.AL6ZNXkfBN7AL6_cqi_-A8,@Riya_Shah,"Nykaa Hot Pink Sale 2025 🛍️ | My Favourites, Tips & What to Buy Before It’s Gone!",https://www.youtube.com/watch?v=Ou85clMWXzg,@prittiishahvlogs ❤️,0,1756629618.530746,2025-08-31T14:10:18.530746,Transcript not available,2026-08-31T14:10:20.796001
YouTube,UgwvBgVERDOVWokd-9V4AaABAg.AKyLPKSw5VRAKyLpbggcnb,UgwvBgVERDOVWokd-9V4AaABAg.AKyLPKSw5VRAKyLpbggcnb,@Riya_Shah,"Nykaa Hot Pink Sale 2025 🛍️ | My Favourites, Tips & What to Buy Before It’s Gone!",https://www.youtube.com/watch?v=Ou85clMWXzg,"❤️😂🫂I know, I Know.",0,1756629618.917291,2025-08-31T14:10:18.917291,Transcript not available,2026-08-31T14:10:20.796031
YouTube,UgzUSeUYMBiJsldYlJ14AaABAg.AKvOdN9mERuAKvPLxZ372V,UgzUSeUYMBiJsldYlJ14AaABAg.AKvOdN9mERuAKvPLxZ372V,@Riya_Shah,"Nykaa Hot Pink Sale 2025 🛍️ | My Favourites, Tips & What to Buy Before It’s Gone!",https://www.youtube.com/watch?v=Ou85clMWXzg,Maybelline ❤️,0,1756629619.559409,2025-08-31T14:10:19.559409,Transcript not available,2026-08-31T14:10:20.796075
YouTube,UgzUSeUYMBiJsldYlJ14AaABAg.AKvOdN9mERuAKxrqGYIHZA,UgzUSeUYMBiJsldYlJ14AaABAg.AKvOdN9mERuAKxrqGYIHZA,@Anushka1234-f5i,"Nykaa Hot Pink Sale 2025 🛍️ | My Favourites, Tips & What to Buy Before It’s Gone!",https://www.youtube.com/watch?v=Ou85clMWXzg,Surf excel,0,1756629619.565031,2025-08-31T14:10:19.565031,Transcript not available,2026-08-31T14:10:20.796093
YouTube,UgyjCtMl0cVDrnFeQrB4AaABAg.AKtNVfJI2INAKtOqUN8QBE,UgyjCtMl0cVDrnFeQrB4AaABAg.AKtNVfJI2INAKtOqUN8QBE,@Riya_Shah,"Nykaa Hot Pink Sale 2025 🛍️ | My Favourites, Tips & What to Buy Before It’s Gone!",https://www.youtube.com/watch?v=Ou85clMWXzg,Try krooo🥰,1,1756629620.333355,2025-08-31T14:10:20.333355,Transcript not available,2026-08-31T14:10:20.796120
YouTube,UgyjCtMl0cVDrnFeQrB4AaABAg.AKtNVfJI2INAKvQjWUcMDS,UgyjCtMl0cVDrnFeQrB4AaABAg.AKtNVfJI2INAKvQjWUcMDS,@Bhu_miiiiiii,"Nykaa Hot Pink Sale 2025 🛍️ | My Favourites, Tips & What to Buy Before It’s Gone!",https://www.youtube.com/watch?v=Ou85clMWXzg,​ @Riya_Shah done,0,1756629620.340732,2025-08-31T14:10:20.340732,Transcript not available,2026-08-31T14:10:20.796139
YouTube,UgyRT5fPj3DQ0mLkZUh4AaABAg,UgyRT5fPj3DQ0mLkZUh4AaABAg,@BlessedandUnbothered,Nykaa Haul!✨ ‘worth 30k’💸 Got everything on my Wishlist⭐️,https://www.youtube.com/watch?v=8m_j4x7v_z8,I love your videos cause you're very honest with your opinions,0,1780216822.044652,2026-05-31T14:10:22.044652,Transcript not available,2026-08-31T14:10:25.776264
YouTube,UgzSeckUmMR9-jasjLZ4AaABAg,UgzSeckUmMR9-jasjLZ4AaABAg,@Zartasha.0,Nykaa Haul!✨ ‘worth 30k’💸 Got everything on my Wishlist⭐️,https://www.youtube.com/watch?v=8m_j4x7v_z8,your nykaa haul so amazing superb collection,1,1780216822.066847,2026-05-31T14:10:22.066847,Transcript not available,2026-08-31T14:10:25.776310
YouTube,UgwzSpnxZyxWMzR2J7J4AaABAg,UgwzSpnxZyxWMzR2J7J4AaABAg,@radha0210,Nykaa Haul!✨ ‘worth 30k’💸 Got everything on my Wishlist⭐️,https://www.youtube.com/watch?v=8m_j4x7v_z8,"I am planning to buy the following: lmk if they r ok to spend money on; I hv dry acne prone combination skin type; I want my products to be acne safe 
1. Loreal skin tint & masaba skin tint, fae skin tint 
2. Fae liquid blush
3. House of makeup concealer 
4. Maybelline bubble mascara 
5. Mars oh brow pencil",0,1780216822.088064,2026-05-31T14:10:22.088064,Transcript not available,2026-08-31T14:10:25.776482
YouTube,Ugyp1S-HACddINYDFSJ4AaABAg,Ugyp1S-HACddINYDFSJ4AaABAg,@kritikasharma1221,Nykaa Haul!✨ ‘worth 30k’💸 Got everything on my Wishlist⭐️,https://www.youtube.com/watch?v=8m_j4x7v_z8,"i used this mask. it cleans nicely and give soft glow thts it.
not for tanning etc. 
but decent mask",0,1780216822.165226,2026-05-31T14:10:22.165226,Transcript not available,2026-08-31T14:10:25.776557
YouTube,Ugz8k8bIVzjKesiBh354AaABAg,Ugz8k8bIVzjKesiBh354AaABAg,@SimarGill-q1k,Nykaa Haul!✨ ‘worth 30k’💸 Got everything on my Wishlist⭐️,https://www.youtube.com/watch?v=8m_j4x7v_z8,Love your top,1,1780216822.174085,2026-05-31T14:10:22.174085,Transcript not available,2026-08-31T14:10:25.776576
YouTube,Ugzj_wnz-QT4CyhQ4ap4AaABAg,Ugzj_wnz-QT4CyhQ4ap4AaABAg,@sayantaniist,Nykaa Haul!✨ ‘worth 30k’💸 Got everything on my Wishlist⭐️,https://www.youtube.com/watch?v=8m_j4x7v_z8,Yes this type of full eyeliner really makes you more beautiful 😊,1,1780216822.178858,2026-05-31T14:10:22.178858,Transcript not available,2026-08-31T14:10:25.776625
YouTube,UgwY-D6UB-N4IlUOhIp4AaABAg,UgwY-D6UB-N4IlUOhIp4AaABAg,@prachiverma1179,Nykaa Haul!✨ ‘worth 30k’💸 Got everything on my Wishlist⭐️,https://www.youtube.com/watch?v=8m_j4x7v_z8,Hey dii have you ever tried swiss beauty craze stamp eyeliner what's your opinion about it whether should buy or not ??,0,1780216822.188807,2026-05-31T14:10:22.188807,Transcript not available,2026-08-31T14:10:25.776696
YouTube,UgwqN_FvdmwgIc5gBZt4AaABAg,UgwqN_FvdmwgIc5gBZt4AaABAg,@ramanpreetkaur6687,Nykaa Haul!✨ ‘worth 30k’💸 Got everything on my Wishlist⭐️,https://www.youtube.com/watch?v=8m_j4x7v_z8,Bobbi brown conclear shade please,0,1780216822.193838,2026-05-31T14:10:22.193838,Transcript not available,2026-08-31T14:10:25.776722
YouTube,UgzdXmMoUtppTAMm8YJ4AaABAg,UgzdXmMoUtppTAMm8YJ4AaABAg,@koyelvlogs3429,Nykaa Haul!✨ ‘worth 30k’💸 Got everything on my Wishlist⭐️,https://www.youtube.com/watch?v=8m_j4x7v_z8,Benefit blush shade?,0,1780216822.198712,2026-05-31T14:10:22.198712,Transcript not available,2026-08-31T14:10:25.776742
YouTube,Ugyel8Ia6c41cyFc3DB4AaABAg,Ugyel8Ia6c41cyFc3DB4AaABAg,@mishikaachadha9854,Nykaa Haul!✨ ‘worth 30k’💸 Got everything on my Wishlist⭐️,https://www.youtube.com/watch?v=8m_j4x7v_z8,"Hey can review pac set and seal spray 
Recode silky moisturiser cum primer
And recode spray serum",0,1780216822.204384,2026-05-31T14:10:22.204384,Transcript not available,2026-08-31T14:10:25.776797
YouTube,Ugw8J9U6GilDn6znwV14AaABAg,Ugw8J9U6GilDn6znwV14AaABAg,@AnamAli1202,Nykaa Haul!✨ ‘worth 30k’💸 Got everything on my Wishlist⭐️,https://www.youtube.com/watch?v=8m_j4x7v_z8,YES I LOVE SIMPLY NAM LIPSTICKSSS SO COMFORTABLE ON LIPSS N LONGLASTING,0,1780216822.209258,2026-05-31T14:10:22.209258,Transcript not available,2026-08-31T14:10:25.776841
YouTube,UgzKykFQ96oX3Yu3E1F4AaABAg,UgzKykFQ96oX3Yu3E1F4AaABAg,@AnamAli1202,Nykaa Haul!✨ ‘worth 30k’💸 Got everything on my Wishlist⭐️,https://www.youtube.com/watch?v=8m_j4x7v_z8,MY DREAMYY BRAND BENEFITTT ...WOW THE BLUSHHH,0,1780216822.213926,2026-05-31T14:10:22.213926,Transcript not available,2026-08-31T14:10:25.776872
YouTube,UgzR4AlUgKXdkkC7tWB4AaABAg,UgzR4AlUgKXdkkC7tWB4AaABAg,@sunidhichauhan2619,Nykaa Haul!✨ ‘worth 30k’💸 Got everything on my Wishlist⭐️,https://www.youtube.com/watch?v=8m_j4x7v_z8,Apko ek haul video karna chaiye cuffs and lashes ke product par,0,1780216822.21838,2026-05-31T14:10:22.218380,Transcript not available,2026-08-31T14:10:25.776913
YouTube,UgyYdZNNqISQWL6wwS94AaABAg,UgyYdZNNqISQWL6wwS94AaABAg,@poojatomar0001,Nykaa Haul!✨ ‘worth 30k’💸 Got everything on my Wishlist⭐️,https://www.youtube.com/watch?v=8m_j4x7v_z8,Aap gwalior me hi rehti ho ??,0,1780216822.221324,2026-05-31T14:10:22.221324,Transcript not available,2026-08-31T14:10:25.776939
YouTube,Ugw1eDo4uH7_9_SbHQl4AaABAg,Ugw1eDo4uH7_9_SbHQl4AaABAg,@poojatomar0001,Nykaa Haul!✨ ‘worth 30k’💸 Got everything on my Wishlist⭐️,https://www.youtube.com/watch?v=8m_j4x7v_z8,I am also from gwalior,0,1780216822.224334,2026-05-31T14:10:22.224334,Transcript not available,2026-08-31T14:10:25.776964
YouTube,UgxAn61qRFDbEuQ-aCd4AaABAg,UgxAn61qRFDbEuQ-aCd4AaABAg,@PoojaSaini-yw3po,Nykaa Haul!✨ ‘worth 30k’💸 Got everything on my Wishlist⭐️,https://www.youtube.com/watch?v=8m_j4x7v_z8,Bobi brown concealer shade,1,1780216822.227007,2026-05-31T14:10:22.227007,Transcript not available,2026-08-31T14:10:25.776986
YouTube,UgypmZ6bXCPbtcY2wdB4AaABAg,UgypmZ6bXCPbtcY2wdB4AaABAg,@NeetuSingh-vf1gr,Nykaa Haul!✨ ‘worth 30k’💸 Got everything on my Wishlist⭐️,https://www.youtube.com/watch?v=8m_j4x7v_z8,I luv ur haul video's ❤❤,0,1780216822.229584,2026-05-31T14:10:22.229584,Transcript not available,2026-08-31T14:10:25.777015
YouTube,UgwmGiGPt2xEi_JCOkV4AaABAg,UgwmGiGPt2xEi_JCOkV4AaABAg,@rockfordmrt,Nykaa Haul!✨ ‘worth 30k’💸 Got everything on my Wishlist⭐️,https://www.youtube.com/watch?v=8m_j4x7v_z8,You are beautiful girl❤,0,1780216822.232165,2026-05-31T14:10:22.232165,Transcript not available,2026-08-31T14:10:25.777037
YouTube,UgwzSpnxZyxWMzR2J7J4AaABAg.AX28ny1u0H6AX4WF1NMSxN,UgwzSpnxZyxWMzR2J7J4AaABAg.AX28ny1u0H6AX4WF1NMSxN,@vaishnavideep7264,Nykaa Haul!✨ ‘worth 30k’💸 Got everything on my Wishlist⭐️,https://www.youtube.com/watch?v=8m_j4x7v_z8,"Maybelline bubble mascara is not worth it, very clumpy",0,1780216823.413235,2026-05-31T14:10:23.413235,Transcript not available,2026-08-31T14:10:25.777098
YouTube,UgwzSpnxZyxWMzR2J7J4AaABAg.AX28ny1u0H6AX6dAGo7wnz,UgwzSpnxZyxWMzR2J7J4AaABAg.AX28ny1u0H6AX6dAGo7wnz,@zainabhassan9305,Nykaa Haul!✨ ‘worth 30k’💸 Got everything on my Wishlist⭐️,https://www.youtube.com/watch?v=8m_j4x7v_z8,Sky high mascara is really good try that,0,1780216823.432899,2026-05-31T14:10:23.432899,Transcript not available,2026-08-31T14:10:25.777132
YouTube,UgwzSpnxZyxWMzR2J7J4AaABAg.AX28ny1u0H6AX8jjewHU4O,UgwzSpnxZyxWMzR2J7J4AaABAg.AX28ny1u0H6AX8jjewHU4O,@yashaswinik5881,Nykaa Haul!✨ ‘worth 30k’💸 Got everything on my Wishlist⭐️,https://www.youtube.com/watch?v=8m_j4x7v_z8,Broo blindly go for loreal skin tint serum infallible one and trust me ull love it,0,1780216823.458654,2026-05-31T14:10:23.458654,Transcript not available,2026-08-31T14:10:25.777184
YouTube,UgwqXZX4ljR_od1jmAR4AaABAg,UgwqXZX4ljR_od1jmAR4AaABAg,@nisharathi3059,Nykaa Haul!✨ ‘worth 30k’💸 Got everything on my Wishlist⭐️,https://www.youtube.com/watch?v=8m_j4x7v_z8,"Ek product k liye kuch jyada hi bolte ho bhut bouring ho jata h , ek baat ko bar bar repeat krte ho thoda short m btao",2,1780216823.92445,2026-05-31T14:10:23.924450,Transcript not available,2026-08-31T14:10:25.777260
YouTube,Ugw_2cx6XQG8GywmG-h4AaABAg,Ugw_2cx6XQG8GywmG-h4AaABAg,@prarthanamitra8280,Nykaa Haul!✨ ‘worth 30k’💸 Got everything on my Wishlist⭐️,https://www.youtube.com/watch?v=8m_j4x7v_z8,"Hey Sanskriti just love your honest opinion about each and every product irrespective of the brands please share your thoughts about morphe brushes,charlotte tilbury concealer,huda beauty lip stain and of course the benefit blush",0,1780216823.944584,2026-05-31T14:10:23.944584,Transcript not available,2026-08-31T14:10:25.777364
YouTube,UgwUIMedqkmqIWYIQz54AaABAg,UgwUIMedqkmqIWYIQz54AaABAg,@ananayasharma5059,Nykaa Haul!✨ ‘worth 30k’💸 Got everything on my Wishlist⭐️,https://www.youtube.com/watch?v=8m_j4x7v_z8,"Please make a video on how to make correct shade matches online 😊pls❤️
And also from your recommendation I have purchased benetint liquid blush...just loved it !❤️❤️",0,1780216824.113751,2026-05-31T14:10:24.113751,Transcript not available,2026-08-31T14:10:25.777463
YouTube,Ugw0I34FoG0CQr-8G4p4AaABAg,Ugw0I34FoG0CQr-8G4p4AaABAg,@TinyCloud-s3c,Nykaa Haul!✨ ‘worth 30k’💸 Got everything on my Wishlist⭐️,https://www.youtube.com/watch?v=8m_j4x7v_z8,your makeup looks gorg,1,1780216824.119679,2026-05-31T14:10:24.119679,Transcript not available,2026-08-31T14:10:25.777484
YouTube,UgzgHIEInMkZMwBgg8V4AaABAg,UgzgHIEInMkZMwBgg8V4AaABAg,@Annistha,Nykaa Haul!✨ ‘worth 30k’💸 Got everything on my Wishlist⭐️,https://www.youtube.com/watch?v=8m_j4x7v_z8,Give links of the products,0,1780216824.125325,2026-05-31T14:10:24.125325,Transcript not available,2026-08-31T14:10:25.777510
YouTube,UgxXPU95N6XAvHTu5h94AaABAg,UgxXPU95N6XAvHTu5h94AaABAg,@manvisharma1122,Nykaa Haul!✨ ‘worth 30k’💸 Got everything on my Wishlist⭐️,https://www.youtube.com/watch?v=8m_j4x7v_z8,Suggest some good lip gloss and   Affordable nude lipshades cool tone,0,1780216824.130615,2026-05-31T14:10:24.130615,Transcript not available,2026-08-31T14:10:25.777550
YouTube,UgwqXZX4ljR_od1jmAR4AaABAg.AX-HkTl3SGgAX-N-O6cYl1,UgwqXZX4ljR_od1jmAR4AaABAg.AX-HkTl3SGgAX-N-O6cYl1,@sunidhichauhan2619,Nykaa Haul!✨ ‘worth 30k’💸 Got everything on my Wishlist⭐️,https://www.youtube.com/watch?v=8m_j4x7v_z8,True i agree,0,1780216824.487316,2026-05-31T14:10:24.487316,Transcript not available,2026-08-31T14:10:25.777568
YouTube,UgzgHIEInMkZMwBgg8V4AaABAg.AX-79IWAWXjAX-7THkusCD,UgzgHIEInMkZMwBgg8V4AaABAg.AX-79IWAWXjAX-7THkusCD,@Sanskrtii,Nykaa Haul!✨ ‘worth 30k’💸 Got everything on my Wishlist⭐️,https://www.youtube.com/watch?v=8m_j4x7v_z8,I have tagged all of them!✨,0,1780216825.670391,2026-05-31T14:10:25.670391,Transcript not available,2026-08-31T14:10:25.777597
YouTube,UgwIC1g3X3jVJLeONh54AaABAg,UgwIC1g3X3jVJLeONh54AaABAg,@BernieManuelRodriques,Nykaa Hot Pink Sale 2026 | Best Skincare Deals You Can't Miss,https://www.youtube.com/watch?v=5Gf5aqSGbew,"🌸 What's on your Nykaa Hot Pink Sale wishlist? 🛍🛒

I've shared my top picks, best deals, and the products I genuinely think are worth buying. Let me know in the comments:
✨ What are you planning to buy?
✨ Which product should I review next?
✨ Did I miss any amazing deals?

🌻 If this video helped you, don't forget to LIKE, SUBSCRIBE, and SHARE it with someone who's shopping the sale!

Happy shopping! 💫",1,1785487232.246003,2026-07-31T14:10:32.246003,Transcript not available,2026-08-31T14:10:32.350535
