platform,author,rating,headline,content,date,url,scraped_at
Mouthshut,sushmitahazra1998,N/A,Huge dissapointment,"This is just a way of expressing my utter disappointment regarding the service of nyka fashion wherein i had placed an order more than a month ago and there is still no clue about its status, let alone it getting delivered.I have followed up multiple times with customer care executives but to my dismay everytime im given a week more to look forward to , promising it will get delivered asap .Every week i follow up with the hope that this would be the last follow up from my side but no that's never the case. I rarely become so unsatisfied with any ecommerce service as to give such a dissapointing review but i couldn't help it .This order was placed well before hand so that I could get it well before the puja but it seems this will never get delivered.I was really looking forward to it .I request the management to please look into this and not disappoint your customers as they are the heart of your business.",2026-08-21T10:17:11.427Z,https://www.mouthshut.com/review/nykaa-fashion-review-quprusrpmso,2026-08-21T10:17:11.427Z
Mouthshut,angelsfairys,N/A,Worst and horrible experience,"Guys never buy anything from Nykaa fashion...they are the biggest fraud of online shopping platform. I ordered two items and because of the worst quality just like Nykaa people and their customers service i returned the product.. my return has been picked up 15 days before..but i haven't received any refund.. customer service number doesn't work..i emailed them and everytime i receive auto generated reply. This coward Nykaa doesn't have the guts to put a correct number online.cause they are fraud and thieves..they just eat customers money everyday. And their delivery partner is also big fraud.. delhivery courier service. this Nykaa app should be banned forever...so innocent customers would be saved from loosing their money..they doesn't even deserve 0 star.infact this Nykaa people doesn't deserve to live on this Earth.




All i want to say to this Nykaa that if you guys have any shame or have you heard of the word honestly then give the customer money back...",2026-08-21T10:16:58.552Z,https://www.mouthshut.com/review/nykaa-fashion-review-lopquuqnnmp,2026-08-21T10:16:58.552Z
Mouthshut,sksuhail880,N/A,15 days not pick up of Exchange product,"It's incredibly frustrating that despite my repeated attempts, Nykaa has failed to pick up the pair of shoes I wish to exchange. Their constant blame-shifting onto me, alleging that I cancelled the pickup, is simply absurd. Why on earth would I cancel a pickup when my sole intention is to exchange the item? It's been a vexing 15 days of being misled and manipulated by Nykaa",2026-08-21T10:16:54.293Z,https://www.mouthshut.com/review/nykaa-fashion-review-onortsntump,2026-08-21T10:16:54.293Z
YouTube,@nykaafashionofficial,N/A,Wishlist Review,"Comment your favourite look below👇 and don't  forget to stash this versatile corset and other pieces styled with it by clicking on these links below:

Style 1 

White corset:https://shrturl.app/eAbDUU
Black slit skirt:https://shrturl.app/1i71zW
white heels:https://shrturl.app/z3GGUW
Bag:https://shrturl.app/67R9qv
Necklace:https://shrturl.app/ahGAw7


Style 2
White corset:https://shrturl.app/eAbDUU 
Skirt:https://shrturl.app/CkPZ3a
Bag:https://shrturl.app/dwcon_
Shoes:https://shrturl.app/EVFKtm

Style 3

White corset:https://shrturl.app/eAbDUU  
Pant:https://shrturl.app/eytLik
Heels:https://shrturl.app/C5iubD
Bag:https://shrturl.app/gnNpn4",2026-08-21T15:24:04.951702,https://www.trustpilot.com/review/nykaafashion.com,2026-08-21T15:24:04.951702
YouTube,@nykaafashionofficial,N/A,Wishlist Review,"Style, Slay and Repeat! Time to style your favorite t-shirt for different occasions❤️

It’s time to go back to basics❤️ Shop trendy t-shirts from Twenty Dresses by clicking on this link: https://shrturl.app/eLOisQ",2026-08-21T15:23:41.213899,https://www.trustpilot.com/review/nykaafashion.com,2026-08-21T15:23:41.213899
YouTube,@nykaafashionofficial,N/A,Wishlist Review,"Save it and Thank us later!😍 It’s time to go Back to Basics❤️ Recreate your favourite look now!

Click here to shop the products featured:
Cycling shorts: https://shrturl.app/5nfHNJ
Black Top: https://shrturl.app/RoEAAM
Black Graphic Tshirt: https://shrturl.app/hiqExI",2026-08-21T15:23:24.965782,https://www.trustpilot.com/review/nykaafashion.com,2026-08-21T15:23:24.965782
YouTube,@nykaafashionofficial,N/A,Wishlist Review,"DON'T FORGET✨ Purchase your favourite looks from the video by clicking the links below:
Look 1: Peplum Top With Harem Pants
Top: https://shrturl.app/AgcpzA
Pant: https://shrturl.app/UP74Ul
Heels: https://shrturl.app/llE8Nb

Look 2 : White Shirt With Block Printed Pants
Bracelet: https://shrturl.app/LZV-xx
Pants: https://shrturl.app/y9LY9v
Top: https://shrturl.app/odP4dn
  
Look 3: Crop Top, Cape and Trousers
Cape: https://shrturl.app/ep3mMR
Crop top: https://shrturl.app/oBFHXt
Pants: https://shrturl.app/6osAX4
Bracelet: https://shrturl.app/f9sdJQ",2026-08-21T15:23:10.853373,https://www.trustpilot.com/review/nykaafashion.com,2026-08-21T15:23:10.853373
YouTube,@nykaafashionofficial,N/A,Wishlist Review,"Click the links below to stash your favourite outfits showcased in the video:
1️⃣Hack 1: DIY One-Shoulder Top

Scarf Top- https://shrturl.app/8Vo2Es
Pants- https://shrturl.app/U3Y23k
Necklace- https://shrturl.app/BJsYhK
2️⃣Hack 2: DIY Scarf Top

Scarf - https://shrturl.app/MjATsD
Pants- https://shrturl.app/9o8WmP
Bag- https://shrturl.app/ku80F2",2026-08-21T15:23:03.518626,https://www.trustpilot.com/review/nykaafashion.com,2026-08-21T15:23:03.518626
YouTube,@nirja_kamat,N/A,Wishlist Review,favourite denim look!✨💙,2026-08-21T15:22:51.839702,https://www.trustpilot.com/review/nykaafashion.com,2026-08-21T15:22:51.839702
YouTube,@nykaafashionofficial,N/A,Wishlist Review,"Search the product codes below to stash your favourite outfits showcased in the video:

Look 1
Blazer: 5648949
Top: 9007229
Jeans: 8795305
Footwear:8930192

Look 2
Blazer: 7818546
Cargos: 10250830
Bag: 10140565
Footwear: 8930192

Look 3
Top: 8273835
Skirt: 10250638
Bag: 10140591
Footwear: 2444105",2026-08-21T15:22:20.480123,https://www.trustpilot.com/review/nykaafashion.com,2026-08-21T15:22:20.480123
YouTube,@ritupandey8690,N/A,Wishlist Review,"Hey , love the haul ❤
Some of pieces already in my wish list .
Can u plz show your  footwear n bags collection ,or you can suggest Good brands to invest in.❤❤",2026-08-20T21:05:58.596284,https://www.trustpilot.com/review/nykaafashion.com,2026-08-20T21:05:58.596284
Google Play Store,Aryan Gupta,2,Wishlist Review,"Every time I open the app to buy what I saved, it shows me ten new things instead.",2026-08-18T04:46:02.639Z,https://play.google.com/store/apps/details?id=com.fsn.nds&reviewId=2185a810-1b43-40f9-a764-bb4a449378df,2026-08-25T10:38:31Z
Google Play Store,Danish Ansari,4,Wishlist Review,prices and cloth ranges are good but if i wishlist something for later it ends up either getting stocked out and never returns back in stock for months,2026-08-17T18:55:38.440Z,https://play.google.com/store/apps/details?id=com.fsn.nds&reviewId=816c6ee5-0dba-4508-90b6-2874874c2bbf,2026-08-25T10:38:31Z
App Store,:;@“432,1,DELAYED DELIVERY!,I wish there was an option for a zero star. Had very experience 👎🏻👎🏻,2026-08-13T08:44:09Z,https://apps.apple.com/in/app/nykaa-fashion-shopping-app/id1439872423?see-all=reviews,2026-08-25T10:38:31Z
Google Play Store,Naveen Kumar,3,Wishlist Review,"Hi Nykaa, You literally spill the beans about my cart and wishlist with other customers out there, while I check out the products, which you need to really change this attitude. It's my honest opinion and don't do so with others as well, if at all it is your business tactics or whatsoever you name it. So embarassing and disgusting in some way too.",2026-08-07T14:31:48.128Z,https://play.google.com/store/apps/details?id=com.fsn.nds&reviewId=534d0074-6ae4-4449-8a85-2a208495452f,2026-08-25T10:38:31Z
Google Play Store,Saida Fathima,1,Wishlist Review,Do NOT🚫 download this pathetic app. One of the most worst app I have ever used. customer support is the most most pathetic in this app. You will not get any compensation when you are wronged. Trust me I wish I never downloaded this stupid useless app. horrible just pure pathetic app and the customer support.,2026-07-27T11:10:43.364Z,https://play.google.com/store/apps/details?id=com.fsn.nds&reviewId=f613e3b2-bc7e-4cbf-bc47-dbfb7a5c6113,2026-08-25T10:38:31Z
Google Play Store,ISHA KUJUR,1,Wishlist Review,"highly disappointed by Nykaa fashion.I placed a return request on 17th product was suppose to get picked on 19th,delivery partner never called pickup never happened called the nykaa team and raised the complaint twice they told me the same thing saying they've placed an urgent pickup request and pickup will happen in next 2-3 days but never happened.I only get msg saying ""our courier couldn't attempt pickup"" Team isn't helping at all. I simply do not wish to keep the product and want a refund",2026-07-24T14:45:21.953Z,https://play.google.com/store/apps/details?id=com.fsn.nds&reviewId=73ca23bd-f50d-4608-8340-095331342057,2026-08-25T10:38:31Z
Google Play Store,mayank bajpai,1,Wishlist Review,worst experience I wish I could give minus rating. this company is careless and delivery is worst . never ever will visit this,2026-07-24T07:55:07.665Z,https://play.google.com/store/apps/details?id=com.fsn.nds&reviewId=e7d4037b-b631-434a-991a-024f5cd30c84,2026-08-25T10:38:31Z
Google Play Store,Sri devi,5,Wishlist Review,My favourite clothing 👑 app,2026-07-21T10:32:13.775Z,https://play.google.com/store/apps/details?id=com.fsn.nds&reviewId=16dd80b9-0c4b-4760-9274-3004f63eb870,2026-08-25T10:38:31Z
Google Play Store,Priyanka Bhelonde,1,Wishlist Review,I wish I could give you minus rating for this app and concept.worst return policy.Nykka will force you by showing on nyka app that error. don't respond to any activity for return. Return pick up came and said though seal is intact everything intact we have been told to mark it quality check failed. so request ban this product as early as possible. I am trying to reach for same consumer forum for this complaint. I am tryi to upload photos and screenshot for more clarity.,2026-07-08T08:48:31.544Z,https://play.google.com/store/apps/details?id=com.fsn.nds&reviewId=f998b046-1adf-4a0e-931b-83dda9caed51,2026-08-25T10:38:31Z
Google Play Store,Sumita Sharma,1,Wishlist Review,I wish there would have 0 star option like this app is worse then you can think they never deliver on time.. actually they don't even deliver your order,2026-06-24T12:01:01.472Z,https://play.google.com/store/apps/details?id=com.fsn.nds&reviewId=cb9c51c0-1f00-4f24-b132-14c201d0cd18,2026-08-25T10:38:31Z
Google Play Store,Sheetal P,4,Wishlist Review,Nyka cosmatic and nykaa Fashion my favourite from last 12 years.,2026-06-03T10:55:46.873Z,https://play.google.com/store/apps/details?id=com.fsn.nds&reviewId=f4b797a7-d494-45e5-a77f-83fe01aeb3e9,2026-08-25T10:38:31Z
Google Play Store,Anjali,1,Wishlist Review,WORST experience.This platform should get banned. Pathetic service pathetic staff and horrible delivery services. No one came to pickup the order and kept on rescheduling.I wish some sue them then only they'll come to know how to treat their customers. I won't recommend anyone to buy from this platform.,2026-06-02T16:35:46.871Z,https://play.google.com/store/apps/details?id=com.fsn.nds&reviewId=1804dd6c-ef43-42e8-9765-aea215b63fab,2026-08-25T10:38:31Z
Google Play Store,Kadaja Mazumder,5,Wishlist Review,my favourite shopping app,2026-05-17T05:09:19.947Z,https://play.google.com/store/apps/details?id=com.fsn.nds&reviewId=f0afd741-c5a0-4a7c-b373-7eefa93fe767,2026-08-25T10:38:31Z
Google Play Store,Richa Nanda,1,Wishlist Review,"i wish i had the option to give negative feedback, horrible horrible experience pathetic customer service. they schedule for pick up and no one comes for pick up no one calls. even requesting customer care for pick up then also they do not take any action. they dont even bother to understand customer problems. very pathetic and bad experience.",2026-05-10T11:19:46.338Z,https://play.google.com/store/apps/details?id=com.fsn.nds&reviewId=75331ec1-c84a-4200-b964-ba80fd300af6,2026-08-25T10:38:31Z
Google Play Store,Meenakshi Iyer,1,Wishlist Review,horrible cutomer service and logistics The customer support is of no use at all they give you the same answer everytime the delivery is delayed and they do not have a diff solution anytime..poor logistics team as well.No one shoukd trust them in case if you wish to order,2026-02-13T08:15:52.802Z,https://play.google.com/store/apps/details?id=com.fsn.nds&reviewId=3a669ebb-edb5-4782-a4ad-abc8e7cb6cb4,2026-08-25T10:38:31Z
Google Play Store,shatabdi chanda,1,Wishlist Review,"After returning the product refund is not credited till date. Worst experience with Nykaa Fashion... It was my first purchase from nykaa Fashion and had worst experience, the support team was also very rude..not able to provide the exact data. Wish I had any lesser stars then 1....I would have rated in negative",2026-02-11T08:23:19.403Z,https://play.google.com/store/apps/details?id=com.fsn.nds&reviewId=66548bc9-f5cc-406c-8870-b9a39aa65233,2026-08-25T10:38:31Z
Google Play Store,Subbu Lakshmi,5,Wishlist Review,my favourite App,2026-01-31T08:46:33.952Z,https://play.google.com/store/apps/details?id=com.fsn.nds&reviewId=be3bd52e-983d-40db-8d57-2ecb6b1ef1d2,2026-08-25T10:38:31Z
Google Play Store,Smps,1,Wishlist Review,"no a good app as it does nothing as customer care..i am not able to connect with anyone,only has a option to track.. delayed delivery and now when i wish to return the product as it doesn't match with the picture there is a delay in pickup of the product as well",2026-01-20T04:55:34.293Z,https://play.google.com/store/apps/details?id=com.fsn.nds&reviewId=0aae1e9b-f043-474e-8f8a-efd3c57f2535,2026-08-25T10:38:31Z
Google Play Store,Rubul Ahmed,5,Wishlist Review,good i wish the product will be also good,2026-01-15T04:57:41.280Z,https://play.google.com/store/apps/details?id=com.fsn.nds&reviewId=d7fdf340-0c4b-435c-8aed-4013f9e3d6bc,2026-08-25T10:38:31Z
Google Play Store,Aravindan Aravindan,5,Wishlist Review,my favourite shirt,2025-12-24T18:16:26.818Z,https://play.google.com/store/apps/details?id=com.fsn.nds&reviewId=57d5e2fc-56f1-4b43-a93b-e7d650610629,2026-08-25T10:38:31Z
App Store,Priyanka1997,1,Worst Customer Support,I wish i could post the recording of the call with their customer support agents! First i left nykaa makeup app because of the same reason had this last chance with this nykd by nykaa horrible attitude not helping at all ! Bakwas return and exchange method ! Main thing the worst customer support agents! Goodbye Nykaa switching to TIRA!!  far better!,2025-12-11T05:16:27Z,https://apps.apple.com/in/app/nykaa-fashion-shopping-app/id1439872423?see-all=reviews,2026-08-25T10:38:31Z
App Store,gunnxvi,3,"Quality Products, Some features missing","Hi Team, I wanted to check if you can add an option to delete older addresses from the Address Book. I am able to edit individual addresses but am unable to delete some of the older addresses that I no longer wish to keep in the Address Book. Kindly add the feature if it’s missing, or let me know if there’s a workaround for this. Will highly appreciate your support on this!",2025-11-29T10:15:02Z,https://apps.apple.com/in/app/nykaa-fashion-shopping-app/id1439872423?see-all=reviews,2026-08-25T10:38:31Z
Google Play Store,Tejaswini R,1,Wishlist Review,"worst app ever. no proper response and no proper support from the customer support team. They lack communication skills, they basically don't understand whatever customer says. lost my 4k amount on this fraud app. I don't wish to give even a single star",2025-11-21T10:29:10.152Z,https://play.google.com/store/apps/details?id=com.fsn.nds&reviewId=672a0f60-d80c-4582-a360-b56a49e1921b,2026-08-25T10:38:31Z
Google Play Store,Sagar Pratap,5,Wishlist Review,my favourite,2025-11-18T14:32:21.357Z,https://play.google.com/store/apps/details?id=com.fsn.nds&reviewId=fa91c356-9d16-4945-aaae-e33320445e14,2026-08-25T10:38:31Z
Google Play Store,Sreemoyee Roy,1,Wishlist Review,they're not genuine....I made a purchase of 5000rs & they just scammed me by sending a wrong product & when I requested a return they rejected it & had put it on the brand saying they can't do anything....scammers....they're even saying that the brand has a footage of packaging the product & according to them they've packed & delivered me the right product.....the customer service is worst....I wish I had seen the reviews on Google before placing the order but just like others,2025-11-12T13:30:22.904Z,https://play.google.com/store/apps/details?id=com.fsn.nds&reviewId=447a9aeb-00a4-4b3d-94e3-03919dfcde87,2026-08-25T10:38:31Z
App Store,Meenu Raji,3,Missing Feature in NYKAA,Please add FILTER option in wish list also,2025-11-10T14:41:34Z,https://apps.apple.com/in/app/nykaa-fashion-shopping-app/id1439872423?see-all=reviews,2026-08-25T10:38:31Z
Google Play Store,Keni Ngomdir,4,Wishlist Review,today my first time nykaa fashion product order...i wish my order product is good delivered ☺️,2025-11-01T17:46:42.726Z,https://play.google.com/store/apps/details?id=com.fsn.nds&reviewId=799881dd-7881-472a-94b8-0313b9fccc55,2026-08-25T10:38:31Z
Google Play Store,Ranvir Rai,5,Wishlist Review,my favourite,2025-09-03T08:08:51.162Z,https://play.google.com/store/apps/details?id=com.fsn.nds&reviewId=33b82b7a-b311-4f00-a090-b4e8135a9726,2026-08-25T10:38:31Z
Google Play Store,Yashraj Kadam,1,Wishlist Review,"One star. I wish I could give zero. Every single time I order from Nykaa Fashion, the delivery is late. Without fail. I don't know why I keep trying. It's not just a day or two late; it's consistently a week or more past the promised date. The tracking information is useless and never updated in a timely manner. When I try to contact customer service, it's an even bigger headache. They just give me scripted, generic responses and can't actually tell me where my package is or when I can expect it",2025-08-20T17:33:30.368Z,https://play.google.com/store/apps/details?id=com.fsn.nds&reviewId=5d013a49-b338-4e3c-8101-f9c8e23b9968,2026-08-25T10:38:31Z
Google Play Store,Deepjot Kaur,5,Wishlist Review,I love it my favourite nykaaa yeah I honestly take it from the app which is really cheaper,2025-07-30T14:17:12.417Z,https://play.google.com/store/apps/details?id=com.fsn.nds&reviewId=49028b84-5dc7-44eb-9afc-b2179a098df4,2026-08-25T10:38:31Z
Google Play Store,Anjali Pandey,5,Wishlist Review,my most favorite app offers products all are too good,2025-07-26T19:11:29.120Z,https://play.google.com/store/apps/details?id=com.fsn.nds&reviewId=2d553047-0ef7-491b-bea8-403414a4d2eb,2026-08-25T10:38:31Z
App Store,PoojaRup,1,Return requests cancelled 2times,"I wish I could give zero star rating.
It was my worst experience with nykaa! 
Literally I get call from their side and asking that is my pickup got or not then say sorry for that but their is no result! 
It’s still not picked up my parcel .
It was my first and last time with nykaa I feel regretting because almost my 3k stucked from last 20day and also don’t have any idea whether I get my money back or not.",2025-07-25T18:07:16Z,https://apps.apple.com/in/app/nykaa-fashion-shopping-app/id1439872423?see-all=reviews,2026-08-25T10:38:31Z
Google Play Store,Ida Bioinfo,1,Wishlist Review,A very worst experience with Nykaa. I have ordered many times from Nykaa and yes I was happy with the products. But I wish to write to everyone who wishes to order through this app to be ready to face the worst of Nykaa when u try to return your product even for a genuine reason. I was surprised by the tricks they use on the customer with reason saying your area is not serviceable for pickup or QC issues. I would rate this app negative and blocklist.,2025-06-19T10:12:58.902Z,https://play.google.com/store/apps/details?id=com.fsn.nds&reviewId=7f4ebd3f-0439-4674-808f-584ce5ec0450,2026-08-25T10:38:31Z
Google Play Store,Divya Rai,1,Wishlist Review,"I wish I could give negative points. I had ordered a product on 21st May 2025 and till date I haven't received my order. Order status shows shipped and AWB no. shared is no longer working. 10 days back AWB showed the status ""Return to shipper"". The customer care people mechanically reply the same thing that wait for 48 hours. once the product reaches the warehouse your order will be cancelled. The order was prepaid. such a waste of money. Bloody scammers!!",2025-06-17T17:22:28.588Z,https://play.google.com/store/apps/details?id=com.fsn.nds&reviewId=d8b11628-b1c7-4132-a72e-eee8f13dd072,2026-08-25T10:38:31Z
Google Play Store,Madhu Yadav sengupta,4,Wishlist Review,all time favorite,2025-05-08T02:42:29.688Z,https://play.google.com/store/apps/details?id=com.fsn.nds&reviewId=2c5c3d4c-cbb3-4119-93b4-def7486eeb2c,2026-08-25T10:38:31Z
Google Play Store,Pepe Bamang,5,Wishlist Review,my favourite apps nyka never disappoint me,2025-05-05T22:22:47.322Z,https://play.google.com/store/apps/details?id=com.fsn.nds&reviewId=18c05520-0357-44ba-9107-9af34e27a290,2026-08-25T10:38:31Z
App Store,Wadhawannikita,1,Terrible management!,"Their orders never get delivered on time or they just cancel it without even informing you! Their logistics is pathetic, customer service is of no use! I wish I could give them 0 starts!

All good ratings are either paid here or fake!",2025-04-25T19:08:19Z,https://apps.apple.com/in/app/nykaa-fashion-shopping-app/id1439872423?see-all=reviews,2026-08-25T10:38:31Z
App Store,Yj 19,5,Worst app ever,"I wish i could give - star to it…. This is the worst ever app I have used ….. it cancels order unnecessarily that too without letting you know …
U get to know only if u open the app…..",2025-04-20T05:08:11Z,https://apps.apple.com/in/app/nykaa-fashion-shopping-app/id1439872423?see-all=reviews,2026-08-25T10:38:31Z
Google Play Store,Susmita Singh,1,Wishlist Review,"I wish I could give less than 1 star. The cancellation or return process is the worst thing on this app. Everytime I order something, it delivers totally different product. And when it comes to returning, nothing ever gets updated in order section of this app. It's been a week and still it shows pick up unsuccessful, even when I have complained multiple times a day. They never update the current status of the product. Neither do they even try to resolve the issue customer is facing.",2025-04-12T07:54:09.209Z,https://play.google.com/store/apps/details?id=com.fsn.nds&reviewId=0a85d1e9-a4c2-49d6-b2d5-549d51935b1d,2026-08-25T10:38:31Z
Google Play Store,Dr Mahpara,1,Wishlist Review,"this is one of the worst online shopping app. they do not provide you cancellation policy once it is shipped. in any given case if you wish to return your order , oh god you have to deal with the worst customer service ever. never ever go for this app for shopping. you have so many good apps with reasonable prices please go ahead with myntra, amazon or any but never chose nykaa.",2025-04-07T16:15:56.485Z,https://play.google.com/store/apps/details?id=com.fsn.nds&reviewId=d3144e48-2a31-49f1-bc0b-d66a7b27b5c5,2026-08-25T10:38:31Z
Google Play Store,Anushka Katiyar,1,Wishlist Review,"Nykaa's service is horrible. I wish I had a worse word for it. To place returns, it has become impossible with Nykaa Fashion. I would rather trust Amazon or even Meesho. Customer service is degraded as well. I am a platinum member yet there's no benefit. No point of any membership as well.",2025-04-05T11:44:11.405Z,https://play.google.com/store/apps/details?id=com.fsn.nds&reviewId=8c36a282-a1b6-48f9-b016-1e01e16bf3f6,2026-08-25T10:38:31Z
Google Play Store,Priya V,5,Wishlist Review,"Thank you so much SAMEER SHAIKH SIR🤗 for helping me... !! Nykaa Fashion's Senior Staff Customer Support Service is very good.I want to thank you from the bottom of my heart for helping me, I hope that NYKAA FASHION's customer staff team will continue to help all customers in the future too❤❤❤❤❤",2025-03-28T06:17:52.359Z,https://play.google.com/store/apps/details?id=com.fsn.nds&reviewId=a5b3830f-9b4e-4b95-a139-ccf9e09e9293,2026-08-25T10:38:31Z
App Store,PratikRaj229,1,Worst,Worst experience ever. It has been 25 days and i daily receive the same message that my return order will be picked up. It has not been picked up yet and it is cancelled daily. How difficult can it be to pick up a return order. Nykaa fashion digested my money and left no spill without giving one serious concern about them having delivered the wrong product. Unfortunately time is scarce otherwise i wish to proceed to consumer forum to get issue resolved because nykaa fashion definitely has shown no responsible behaviour and is not able to solve a simple return issue. HIGHLY NOT RECOMMENED.,2025-03-27T06:30:44Z,https://apps.apple.com/in/app/nykaa-fashion-shopping-app/id1439872423?see-all=reviews,2026-08-25T10:38:31Z
Google Play Store,Barsha Priyadarshini,5,Wishlist Review,my favourite app,2025-03-04T04:37:47.868Z,https://play.google.com/store/apps/details?id=com.fsn.nds&reviewId=344816e9-986e-41f5-b610-75327e0016d3,2026-08-25T10:38:31Z
Google Play Store,tiksy 1456,1,Wishlist Review,"Pathetic experience i don't know how this platform is still working. Recently order still didn't get my order and nykaa fashion does'nt even care about their customers And there is no option available to reach out. pathetic pathetic experience, wish i could rate 0",2025-02-21T10:31:43.980Z,https://play.google.com/store/apps/details?id=com.fsn.nds&reviewId=cb06e371-3544-46da-9ba4-dff23234a4d3,2026-08-25T10:38:31Z
Google Play Store,aparna mathew,1,Wishlist Review,"Didn't get my order shipped yet, though they were supposed to be EXPRESS DELIVERY Just read other people's experiences. Thank God I did COD, Saved",2025-02-12T23:07:39.910Z,https://play.google.com/store/apps/details?id=com.fsn.nds&reviewId=8bdd63aa-1d27-405c-ad7b-ad6f10f3acdc,2026-08-25T10:38:31Z
Google Play Store,Animesh Bru,5,Wishlist Review,I don't like sunglass no my favourite,2025-02-07T23:10:37.248Z,https://play.google.com/store/apps/details?id=com.fsn.nds&reviewId=380ef47e-0d18-4267-a313-777976c929f0,2026-08-25T10:38:31Z
Google Play Store,Pedenla Sherpa,1,Wishlist Review,"I wish there was a minus star. Thank you for wasting my 14 days, my energy, and my money. Note- These people pickup orders and then claim they haven't. You people are so incompetent that you can't resolve issues through calls for over 10 days. You want me to waste my time and contact you through facebook?",2025-01-30T08:47:30.675Z,https://play.google.com/store/apps/details?id=com.fsn.nds&reviewId=9d8ff4b7-5318-430a-968f-fa9166a5b49c,2026-08-25T10:38:31Z
Google Play Store,சதீஷ் வேலாயுதம்,1,Wishlist Review,"Don't ever buy in this app , coz they are doing fraud ,we returned the sandals we brought even after 4months we didn't recieve the return cash amount worst service we ever seen , try any other apps other than nykaa , irregular response and unsatisfied service, we know you are maintaining a big factor still we are trusting you , you made it unworthy, ever and never don't do this to any other coustomers , we wish we recieve it as soon as possible,",2024-12-22T14:42:59.783Z,https://play.google.com/store/apps/details?id=com.fsn.nds&reviewId=57944b10-9a46-4553-8397-9d76b4d66f97,2026-08-25T10:38:31Z
Google Play Store,Kunjal Rathod,1,Wishlist Review,Worst experience. The sell used products. Nobody should buy anything from Nykaa fashion. Please stick to Nykaa beauty only. Don't unnecessarily have sub brands if you can not service your customers with good products. I am extremely disappointed with Nykaa fashion. I don't wish to give 1 star also.,2024-12-03T16:05:13.972Z,https://play.google.com/store/apps/details?id=com.fsn.nds&reviewId=b6545ca8-bc56-4586-9713-c40297500f5c,2026-08-25T10:38:31Z
App Store,Araya M,1,"Horrible, pathetic and beyond useless customer support","* Ordered a product for a wedding which was delivered late. By that time I had to catch a flight and dropped a note to the team to kindly accept my return/exchange if required once I am back and can try the product. They used a loophole to say that I didn’t mention it very clearly in the email and they used it as an excuse to not accept my return* The amazing customer care rep repeated the 2 day return window without understanding the concern or they have been asked not to care. * Basically they can delay the deliveries but despite informing over email in prior, they won’t accept a return/exchange after 4 days. * Half of the products either don’t have a return window or is for 2 days only. * Misleading pictures, same product is available as a set and as a separate product (eg. Kurta and suit set both will have the same confusing picture) and no returns Ofcourse. DONT GET CHEATED HERE. ORDER FROM MYNTRA OR ABSOLUTELY ANYWHERE ELSE BUT NOT NYKAA. WISH I COULD GIVE 0 STARS",2024-11-20T07:44:24Z,https://apps.apple.com/in/app/nykaa-fashion-shopping-app/id1439872423?see-all=reviews,2026-08-25T10:38:31Z
Google Play Store,Akshay Londhe,1,Wishlist Review,My favourite brand is not available 😞,2024-11-09T11:07:52.299Z,https://play.google.com/store/apps/details?id=com.fsn.nds&reviewId=df4beec0-a87b-46e2-b88b-7b7f01e2971b,2026-08-25T10:38:31Z
Google Play Store,Dipti 4,5,Wishlist Review,my favourite shopping app 🥰,2024-11-04T16:18:37.325Z,https://play.google.com/store/apps/details?id=com.fsn.nds&reviewId=09cb668d-d07b-4228-86e1-6aa3cc1b5611,2026-08-25T10:38:31Z
Google Play Store,Preeti Iyer,5,Wishlist Review,"Usually a good experience with Nykaa fashion. Good fashionable products, great range,reasonable cost and safe , timely reliable delivery. Wish Nykaa would tell if any items are out of stock while shopping itself and not when payment fails.",2024-11-02T12:18:57.912Z,https://play.google.com/store/apps/details?id=com.fsn.nds&reviewId=9fda0a78-fb36-492a-be75-01852ed71154,2026-08-25T10:38:31Z
Google Play Store,SuryavirSinh Rathod,1,Wishlist Review,This deserves a zero star. Had the worst experience with delivery. I wish if i knew it earlier. Totally disappointed😠,2024-11-02T10:02:01.767Z,https://play.google.com/store/apps/details?id=com.fsn.nds&reviewId=356d6729-7578-4334-a399-08058fc67b36,2026-08-25T10:38:31Z
Google Play Store,humera hashmi,1,Wishlist Review,Terrible customer service. They do not return or exchange the product citing friviolous reasons and ask you to courier the product if you wish to return.,2024-10-31T06:19:49.358Z,https://play.google.com/store/apps/details?id=com.fsn.nds&reviewId=a6bfe84f-db49-4f07-89df-53802b9faeed,2026-08-25T10:38:31Z
Google Play Store,saumya sharma,4,Wishlist Review,Wish list should be more organised,2024-10-18T17:05:31.724Z,https://play.google.com/store/apps/details?id=com.fsn.nds&reviewId=ab09f7ef-0b07-46d6-8374-270cedae4510,2026-08-25T10:38:31Z
App Store,Ayesha SR,1,Worst,I wish I could rate it 0. I ordered a dress but it reached my place after a month + 10 days. To top it all the delivery partner didn’t call me & kept postponing my order and the audacity of him to add comments “Customer didn’t answer the call” whereas he never tried calling me at all. Never shopping again on this app. This is just too hyped & worthless for the amount you pay. The same has happened to 2 of my friends & they’re very disappointed as well.,2024-10-14T09:06:16Z,https://apps.apple.com/in/app/nykaa-fashion-shopping-app/id1439872423?see-all=reviews,2026-08-25T10:38:31Z
Google Play Store,varshita srivastava,1,Wishlist Review,I have never experienced such bad services from any others as much as I have faced with Nyka fashion. Worst app you can find online. I hate Nyka fashion. You people are worse. I wish this app shut down soon,2024-10-07T19:47:35.649Z,https://play.google.com/store/apps/details?id=com.fsn.nds&reviewId=32814405-2b52-424f-9a74-e6855a3827f0,2026-08-25T10:38:31Z
App Store,Superslyer,1,Avoid to deal with Nykaa Delivery service is pathetic,"I ordered a product on 8th September. The delivery date was showing 12th September. 13th September after shipping then 14th September a waited for 2 more days and call Nykaa on 16th September they asked me to be patient and assured to wait for 48 to 72 hours for delivery. Today is 22nd September I'm still trying to keep my self to be patient and waiting for the delivery. I frequently contacted Nykaa through call and message each time I'm getting just one answer wait for 48 to 72 hours. I wish I could post the review without giving any star but unfortunately it is not working. Now Nykaa has canceled my order after 25 days of order and 21 days of delivery due date. The most important fraud it attempts is it has deducted Rs.29 /- I've paid Ra. 1003/- for the product but it refunded Rs. 974/- only. So this is the real business of Nykaa. It accepts the prepaid order, shows the fake pictures of products, fake shipping and fake out delivery then it shows consignee unavailable and then cancel the order and deducts the money.",2024-10-06T16:43:42Z,https://apps.apple.com/in/app/nykaa-fashion-shopping-app/id1439872423?see-all=reviews,2026-08-25T10:38:31Z
Google Play Store,creative crunch,1,Wishlist Review,"I wish I could give this app negative stars. If the delivery date for your product is the 25th, don't display 13th-14th during the order placement. I bought a saree, and the fabric is nowhere close to what I ordered. This app is pathetic!",2024-09-21T09:21:06.743Z,https://play.google.com/store/apps/details?id=com.fsn.nds&reviewId=21ad478e-d0ef-410a-95c0-46d80c6a8704,2026-08-25T10:38:31Z
Google Play Store,Lalita Yadav,5,Wishlist Review,One of my favourite shopping app,2024-08-26T15:25:47.642Z,https://play.google.com/store/apps/details?id=com.fsn.nds&reviewId=45b39472-37f4-4d93-8b12-67b83aea0b7f,2026-08-25T10:38:31Z
Google Play Store,Nabam Yami,5,Wishlist Review,Nyka app is one and only my favourite,2024-08-20T00:09:18.357Z,https://play.google.com/store/apps/details?id=com.fsn.nds&reviewId=f660e96f-93b2-4444-a796-05dee07855d7,2026-08-25T10:38:31Z
Google Play Store,Alhusna Shaikh,5,Wishlist Review,Always my favourite 💕😍👀💄,2024-07-30T07:17:29.864Z,https://play.google.com/store/apps/details?id=com.fsn.nds&reviewId=4ed95a77-2d55-4541-a38e-dadf81e6dc47,2026-08-25T10:38:31Z
Google Play Store,kartick roy,4,Wishlist Review,"Welcome to Gboard clipboard, any text you copy will be saved here.",2024-07-27T05:41:25.872Z,https://play.google.com/store/apps/details?id=com.fsn.nds&reviewId=b6cc03d6-f34c-4379-8d3e-33b90ef59d9b,2026-08-25T10:38:31Z
Google Play Store,tweety Charm,1,Wishlist Review,"Worst experience they will not deliver all the belongings of the dress which are given on their description and also they send damage product, when you complain about it they ask time to make a decision alone for 2 to 3 days . when you are in hurry for dress ,their carelessness affects our decision and our wish ... even when problem is done by their side they take too much time and days to solve your queries even when the fault is done by their company side. And still im waiting for their reply",2024-05-31T06:05:52.963Z,https://play.google.com/store/apps/details?id=com.fsn.nds&reviewId=e1add60f-dcc9-40fe-b910-f074d432de40,2026-08-25T10:38:31Z
Google Play Store,Pallabbi Ghosh,1,Wishlist Review,"I wish I read all the negative reviews before. Do not purchase from nykaa if you don't want to be harassed. Ordered an expensive dress. After receiving it I wanted to exchange the size. It has been two weeks since I returned the dress but the exchanged dress didn't arrive yet. Is logistics really this slow ? How long do we have to wait for a dress to be delivered? Very very bad first experience. After I receive the dress, I have decided not to order from this app anymore. Harassing experience!",2024-05-19T02:13:23.321Z,https://play.google.com/store/apps/details?id=com.fsn.nds&reviewId=08cca5b8-05b0-4dfd-8d85-38b66b084796,2026-08-25T10:38:31Z
App Store,Anything16,5,"Hopefully, more quicker delivery","Always have had a very good experience shopping on NykaaFashion. Only thing is, I wish there was a faster delivery. You have to plan too much in advance.",2024-05-04T08:15:17Z,https://apps.apple.com/in/app/nykaa-fashion-shopping-app/id1439872423?see-all=reviews,2026-08-25T10:38:31Z
Google Play Store,shubha Kalkur,5,Wishlist Review,My all time favourite and reliable app,2024-04-14T08:30:10.512Z,https://play.google.com/store/apps/details?id=com.fsn.nds&reviewId=b283a89b-e09b-4adf-a648-5e2ef5c0eb6f,2026-08-25T10:38:31Z
App Store,Komal Kadam,5,Great app,Such a great app and collection but please consider adding filter to wishlist,2024-03-19T12:58:19Z,https://apps.apple.com/in/app/nykaa-fashion-shopping-app/id1439872423?see-all=reviews,2026-08-25T10:38:31Z
App Store,Disha Patil59,1,Worst services,Don’t buy products from here as you have to break your head 100 times just to replace one dress! Provide worst quality dress.. they look good only in photos they uploaded on their app! But when you receive the product it’s so worst.. they don’t have curtesy to help their costumer's. They don’t have anything simply going or smooth going process! I regret from my bottom of the heart for shopping from this app! It was my first time and worst to worst experience with the app and brand Bunaai. You guys don’t even deserve one star.,2024-02-15T06:41:08Z,https://apps.apple.com/in/app/nykaa-fashion-shopping-app/id1439872423?see-all=reviews,2026-08-25T10:38:31Z
App Store,Kanshu290894,1,Worst Online Shopping Experience,"They’re thieves. Won’t ask you before crediting your COD returns direct to their wallet, cancel your orders at their own wish without any apology or rewards. The worst customer service ever - they’ll straightaway put your call on hold for minutes at a stretch and then just hang up on you. You just cannot put your query in front of them. Myntra, Ajio are way better options to shop from.",2024-01-23T08:23:42Z,https://apps.apple.com/in/app/nykaa-fashion-shopping-app/id1439872423?see-all=reviews,2026-08-25T10:38:31Z
Google Play Store,Alpana Kushwaha,2,Wishlist Review,"Since lot of products ( ethnic wears ) for females arw custom made by thw designers so there is no return policy unlike other shopping apps so add a filter in the list where we can only view products which has return policy, browsing 50 products and adding in wishlist and then realising that none of them has returns is a painful experience for customer.",2024-01-15T12:12:28.771Z,https://play.google.com/store/apps/details?id=com.fsn.nds&reviewId=c97b9298-9096-41db-87a2-47a54f22b8e8,2026-08-25T10:38:31Z
Google Play Store,Kajal Rathi,1,Wishlist Review,While placing the order they will show you the option for return within 7 days but once the product gets delivered the return option is unavailable!!! Please don't get fooled by using this app!!! Never use this app!!! Worst app ever!!!! Very very disappointed!!! It's a fraud app!!! I wish i could rate in negative!!!,2024-01-08T18:04:20.678Z,https://play.google.com/store/apps/details?id=com.fsn.nds&reviewId=5dcd7b3a-5c14-42d9-89de-1fc5b0114ba5,2026-08-25T10:38:31Z
App Store,Ruchi desh,5,Hassle free shopping on Nyka,"It is one of my favourite apps to Shop as it is most convenient, best collection with lot of variety. And return n refund are done immediately with out follow ups. I wish life was as easy as Nyka 😜",2023-12-26T09:39:25Z,https://apps.apple.com/in/app/nykaa-fashion-shopping-app/id1439872423?see-all=reviews,2026-08-25T10:38:31Z
Google Play Store,Sleepy T,1,Wishlist Review,"Its so funny that every items is overprice here in comparison to other online apps even after stating their discount prices its still cost more alot than other apps non-discount items so funny hahaha , its best use of this apps is to uninstall after 2 minutes of download, you don't even deserve to get 1 Star, wish i can rate 0 star rating just for this apps..",2023-12-24T04:01:14.245Z,https://play.google.com/store/apps/details?id=com.fsn.nds&reviewId=227bf01d-2e81-4e5d-a60d-c83f24dc3a85,2026-08-25T10:38:31Z
Google Play Store,A S,1,Wishlist Review,Please save your money and time by not installing this app. THE WORST SERVICE PROVIDER. Meesho is better than U. I made multiple prepaid orders which they kept on delaying without giving proper reason and I kept on asking them everyday as my money was stuck but none of their executive helped and kept me on hold for more than 15 mins. I wish I could file a case against them for the harassment I faced for no fault of mine. NYKAA IS NOT AT ALL COMMITTED AND DOESN'T CARE ABOUT THEIR CUSTOMER SERVICE,2023-12-21T12:04:14.655Z,https://play.google.com/store/apps/details?id=com.fsn.nds&reviewId=8c4b48b2-7b8f-46ba-b999-e1ea4309d03f,2026-08-25T10:38:31Z
Google Play Store,Prarna Satija,1,Wishlist Review,"I wish I could give less than 1 star. I have ordered a suit first time from the nykaa fashion app. What they have delivered me are pieces of torn clothes which are left behind after stitching the cloth. On reaching out to support I have been told that a refund has been initiated, but have not received any They are making fool of the customer Worst service ever seen",2023-12-12T09:42:17.353Z,https://play.google.com/store/apps/details?id=com.fsn.nds&reviewId=544b044b-102e-412b-8cf0-d6ba0b6a32a9,2026-08-25T10:38:31Z
Google Play Store,Shikha,1,Wishlist Review,"I wish I never ordered anything from this app. I had a bad experience during return with bad behaviour and totally unnecessary rudeness. Then over the next days it was the worst speaking to customer care operatives. No one listened to me properly. I completely regret using this platform. Edit: Facebook Inbox you? I don't have Facebook. Give me an email id or a proper method. You are supposed to be a big company, not a small business. I'm already struggling with your customer care.",2023-12-11T08:21:18.676Z,https://play.google.com/store/apps/details?id=com.fsn.nds&reviewId=3319c54c-b4b9-4499-bec1-b0884099b75a,2026-08-25T10:38:31Z
Google Play Store,Heena Sahu,1,Wishlist Review,Such a fake app and no have any brand and most important without any brand all products are highly expensive I hate this app by heart,2023-11-06T12:38:28.280Z,https://play.google.com/store/apps/details?id=com.fsn.nds&reviewId=72c4ecad-81be-4975-b40c-3f561e379ae2,2026-08-25T10:38:31Z
App Store,Geet_R,1,"Worst after sales services, worst customer service","I'm disappointed with Nykaa Fashion's post-sale services. It's been a frustrating experience dealing with issues and delays. I hope they can improve their customer support in the future. My order and complaint is now 3 months old. No escalation has worked so far. 

Dealing with Nykaa Fashion's refund process has been quite frustrating. I'm still waiting for a refund that's long overdue. I wish I could give negative stars.",2023-10-15T16:07:55Z,https://apps.apple.com/in/app/nykaa-fashion-shopping-app/id1439872423?see-all=reviews,2026-08-25T10:38:31Z
Google Play Store,Suman Deol,1,Wishlist Review,"Worst delivery experience and customer support. Didn't get my order even after waiting for a month. And they were not ready to even refund my money. They told me, they will initiate the refund only after I refuse the order on delivery. But I wasn't getting any delivery attempt. I don't know how this is so hyped. I wish I could give 0 rating or even negative.",2023-09-30T09:05:35.659Z,https://play.google.com/store/apps/details?id=com.fsn.nds&reviewId=6081a955-1829-4d21-9af0-33f9d4bcd19f,2026-08-25T10:38:31Z
Google Play Store,Ritu Rajput,5,Wishlist Review,Nykaa site is my favorite.,2023-09-26T02:51:51.169Z,https://play.google.com/store/apps/details?id=com.fsn.nds&reviewId=e2e20347-ccb3-4ee7-9bf3-4039196c2281,2026-08-25T10:38:31Z
Google Play Store,Apurv Hatwalne,1,Wishlist Review,"Writing this review/feedback as a nee customer of Nykaa. I placed my 1st ever order through Nykaa app in the form of handbag (quantity =2, same product) from my salary as i wanted to gift these bags to my sisters for Rakshabandhan. But post delivery i checked that i have received only 1 quantity of the bag. I can't gift 1 bag to 2 sisters. My heart and mind went blank. Because of this silly mistake now i have to look for alternative to gift my sisters. Pathetic 1st experience ☹️",2023-08-31T15:08:50.172Z,https://play.google.com/store/apps/details?id=com.fsn.nds&reviewId=1f8060ca-cec7-4ad1-9fc9-74331afa46c6,2026-08-25T10:38:31Z
Google Play Store,Gayathri R Menon,1,Wishlist Review,"Worst app ever, it's scrolling up automatically , I couldn't even wishlist the items I like",2023-08-12T09:07:19.169Z,https://play.google.com/store/apps/details?id=com.fsn.nds&reviewId=1b682f64-1eef-40d5-b39c-c5586442e3bf,2026-08-25T10:38:31Z
App Store,Anim 💞,1,Worsttttttt of the worsttt,"After seeing all the feedback i feel ashamed, for this team . the worst experience I’ve ever had in my shopping experience in nykaa i wish the head of the team and all over the world sees this review , i recieved a wrong product in my first order , and refund was initiated however, they did not sent the money , the third party from shadow faxx called me thousand times after being picked up for the return just to confirm everytime , after contacting multiple times for help they ask me to contact bank !!! They expect me now to contact a bank and ask about my refund !!! The bank will however lie again for the same that it has been transferred , what fake dramas they’re playing with all the parties. I need my refundddd now",2023-08-02T04:00:42Z,https://apps.apple.com/in/app/nykaa-fashion-shopping-app/id1439872423?see-all=reviews,2026-08-25T10:38:31Z
Google Play Store,Ayush Sharma,1,Wishlist Review,I wish I could have given this brand a negative rating. Pathetic experience. Thank God It happened on the very first order.,2023-07-31T08:56:24.440Z,https://play.google.com/store/apps/details?id=com.fsn.nds&reviewId=a977a4f2-cd38-4ae4-9449-3889cd7bf537,2026-08-25T10:38:31Z
Google Play Store,Vikram jit Singh,5,Wishlist Review,"First I add many items in cart,when I want to buy one thing from cart,,I have no option to buy just one thing from cart,,so I move to wishlist all items,after I order that selected item and continue shopping,,,please do cart settings",2023-07-30T03:51:28.632Z,https://play.google.com/store/apps/details?id=com.fsn.nds&reviewId=af28ef31-d9c1-4325-8e59-c7c862d05e54,2026-08-25T10:38:31Z
Google Play Store,Pushpa Prajapati,1,Wishlist Review,"This is the worst app I ever used. The nykaa brand already know about their poor quality that's the reason there is no return policy, whenever I tried to reach customer care they give illogical reason for everything asked to them. It's totally scam I wasted my 2700rs. Please don't ever use this application or nykaa fashion. I really feel ditched and I'll never ever order anything from nyka again. I wish I could rate you in negative.",2023-06-04T16:55:01.849Z,https://play.google.com/store/apps/details?id=com.fsn.nds&reviewId=a535b6d4-a04b-4ba8-82c4-728e9dd0876b,2026-08-25T10:38:31Z
Google Play Store,kaberi baruah,1,Wishlist Review,worst app as the recent orders are not getting reflected. so if you wish to return or exchange. same is not possible. its a scam,2023-05-27T16:09:17.276Z,https://play.google.com/store/apps/details?id=com.fsn.nds&reviewId=eaca9fed-93a3-4e71-8c78-3200e392f8fa,2026-08-25T10:38:31Z
App Store,Saloni77,1,Nykaa is destroying the brand names of many products,"If you wish to waste your valuable money then only buy anything from nykaa
This is because I have experienced worst quality products. Not even me... a lot of my friends also experienced the same and after delivering opened products/wrong/broken products their customer support didn't answer you with due respect. They are rude and of no use... if you like to waste your money then no one is stopping you to buy from nykaa",2023-05-26T13:54:32Z,https://apps.apple.com/in/app/nykaa-fashion-shopping-app/id1439872423?see-all=reviews,2026-08-25T10:38:31Z
Google Play Store,Udita Agrawal,1,Wishlist Review,Terrible delivery and return service of nykaa. They deliver the order without tag and delivery partner is Delhivery who do not pick any order without tag in case of exchange and return. So atlast your order is stuck in between and you have to keep it anyway. Wish i had option to rate it at 0.,2023-05-16T08:01:53.903Z,https://play.google.com/store/apps/details?id=com.fsn.nds&reviewId=a9846738-f99c-4d89-8695-e1928b6edf7e,2026-08-25T10:38:31Z
App Store,Such015,5,Favourite app for stylish finds!,Treasure trove of beautiful products! Love all I bought from the revolve store!,2023-04-29T03:49:12Z,https://apps.apple.com/in/app/nykaa-fashion-shopping-app/id1439872423?see-all=reviews,2026-08-25T10:38:31Z
Google Play Store,Poonam Makwana,1,Wishlist Review,Very poor service. I will never ever recommend anyone nykaa! Please do not use this app. Biggest mistake of my life. All my 10000 in vain. Still waiting for my refund as they haven't picked up my order since last 10 days! Calling them everyday but of no help. I need my money back. If anyone can help then please do. I wish I could rate this app a zero and not one.,2023-04-24T14:09:22.570Z,https://play.google.com/store/apps/details?id=com.fsn.nds&reviewId=219bc6e2-17b6-4ba7-9b73-356a172a6692,2026-08-25T10:38:31Z
App Store,Miloni Gilitwala,5,Really love shopping from Nykaa Fashion,"It’s really easy to shop from Nykaa as they have got unlimited brands and curations. Some of my favourite brands have just come in Nykaa like Alo and Revolve. I really love Nykaa and it’s very different from other shopping apps :)

Love you Nykaa Fashion",2023-04-11T05:40:36Z,https://apps.apple.com/in/app/nykaa-fashion-shopping-app/id1439872423?see-all=reviews,2026-08-25T10:38:31Z
Google Play Store,Dhruvi Panchal,1,Wishlist Review,"Worst delivery experiences. This is not what you expect from luxury brands online market. Super Disappointed. The Only service expected is on time delivery, even their customer service and support sucks! They will only tell you the same repeated things over and over and no prompt action will be taken. I will never shop from Nykaa Fashion ever. I wish I could rate this experience even less than one star",2023-03-28T08:45:01.131Z,https://play.google.com/store/apps/details?id=com.fsn.nds&reviewId=4f62862c-34a8-484b-8a2c-41711e207d83,2026-08-25T10:38:31Z
Google Play Store,Kirti Singh,1,Wishlist Review,"This app has no option to remove your saved payment details. I mistakenly saved my card details or I think it was mandatory to save the card details while making payment. Now when I am trying to remove or edit that details, I don't see any option or facility to do it. This is big security level concern 😞",2023-03-14T07:16:49.644Z,https://play.google.com/store/apps/details?id=com.fsn.nds&reviewId=41795ae5-6690-44f4-845b-1d23b834e7d7,2026-08-25T10:38:31Z
Google Play Store,Reshmi Menon,1,Wishlist Review,"While proceeding to payment for first order I couldn't avail the '10% off on first order' The products went out of stock while placing the order, though the stock was seen available in the wishlist later on.",2023-03-03T18:13:56.389Z,https://play.google.com/store/apps/details?id=com.fsn.nds&reviewId=02bdcfc1-e6c0-4f25-80ea-ac51b072f0cc,2026-08-25T10:38:31Z
Google Play Store,SRISHTI AGARWAL,1,Wishlist Review,"The shittiest website ever. Don't rely on them. I can't even remember the number of times my order has been cancelled by them even after the same getting confirmed. They show fake timelines for delivery and then end up cancelling the order every funking time. I mean they are so consistent with cancelling the orders and leaving the customer high and dry. Never rely on them and in case you wish to order something, always have a backup plan.",2023-03-01T12:01:44.299Z,https://play.google.com/store/apps/details?id=com.fsn.nds&reviewId=a82828d6-447c-42a1-9e75-52704aeebbe5,2026-08-25T10:38:31Z
App Store,riyarelan,1,Pathetic refund policies,"If you don’t like the product or if it’s defective. they won’t refund the full amount if you apply the coupon and don’t even refund the shipping charges. First they con you into discounts and then when you wish to return tada you’re not getting full refund. 
This doesn’t happen with any app. Be it myntra, amazon, urbanic etc. They refund the whole amount including shipping charges n discount. Nykaa fashion is looting our money and I’m never ordering anything from them. I’ve deleted this app.",2023-02-23T11:43:19Z,https://apps.apple.com/in/app/nykaa-fashion-shopping-app/id1439872423?see-all=reviews,2026-08-25T10:38:31Z
Google Play Store,Surya Minelli,1,Wishlist Review,"This is literally the worst app for delivery service, quality of clothing and customer care. Do not even bother downloading it's an utter waste of time. Uninstalling immediately. Such a shame as Nykaa beauty is my favourite app. This one SUCKS",2023-02-03T10:42:21.248Z,https://play.google.com/store/apps/details?id=com.fsn.nds&reviewId=9983da9c-d65f-4abb-ba99-e8e5811e6aa5,2026-08-25T10:38:31Z
Google Play Store,Triveni Sharma,1,Wishlist Review,"Wish I can rate negative. They intentionally send wrong products completely different from what you order and then they treat customers like fools, deny to accept their requests. Fake money eating app.",2023-02-03T08:49:56.185Z,https://play.google.com/store/apps/details?id=com.fsn.nds&reviewId=cceab7fd-2063-4df4-a998-ba1071612f51,2026-08-25T10:38:31Z
Google Play Store,Nirmla Thapa,1,Wishlist Review,Worst worst worst app ever I tried. It doesn't give the refund amount in bank account only in the app naykka fashion wallet that is also valid for 1 yr total waste of money n all products are toooooo much high too much costly very bad experience never going to use this app again also not recommend to anyone 1 star because it doesn't have the option to give zero. I wasted my 4000 Rs so disappointed wish i could report about the worst return policy. i really don't understand why it has 4.5 rating.,2022-12-18T15:24:54.792Z,https://play.google.com/store/apps/details?id=com.fsn.nds&reviewId=8d658d5a-66ec-4775-a22e-f07d37a290fe,2026-08-25T10:38:31Z
Google Play Store,Sweena Kapoor,5,Wishlist Review,"Such a big collection...overwhelming. love it.But they do not have their cash wallet like Myantra. U return something n u do not wish to buy anything, ur money shows in ur account wallet n can be encashed later any time.",2022-12-16T07:57:55.383Z,https://play.google.com/store/apps/details?id=com.fsn.nds&reviewId=25e23415-1831-4bef-b551-c9224daece97,2026-08-25T10:38:31Z
Google Play Store,Zaina Imam,5,Wishlist Review,I am very happy with Nyka fashion because it offers very genuine products at best price. I wish it always remains our beloved app.,2022-12-15T12:20:34.213Z,https://play.google.com/store/apps/details?id=com.fsn.nds&reviewId=565e7e42-972c-4638-b3c8-ca26db3d1218,2026-08-25T10:38:31Z
Google Play Store,Pussycat Paris Fashionista,5,Wishlist Review,Personal favorite. Expecting the best products from the orders recently been placed.,2022-12-10T14:47:09.136Z,https://play.google.com/store/apps/details?id=com.fsn.nds&reviewId=a36e69b1-741d-4250-a8d4-b80bc1989ff7,2026-08-25T10:38:31Z
Google Play Store,Aakansha Ghataraj,1,Wishlist Review,Trrrible service I would say .. Wish I could provide zero star rating but unfortunately there is no option..,2022-12-05T07:09:18.818Z,https://play.google.com/store/apps/details?id=com.fsn.nds&reviewId=078f5b8e-aa23-428a-9a64-03c0a4361ae1,2026-08-25T10:38:31Z
Google Play Store,Neha Shivhare,1,Wishlist Review,Worst app ever no option to return with consent app itself giving 5star rating to products... Don't able to see contact information for any issue also...I wish could give 0 star to waste of money app like this,2022-12-04T08:38:34.979Z,https://play.google.com/store/apps/details?id=com.fsn.nds&reviewId=f86291ed-7479-4667-be6f-d9bf11e7a91e,2026-08-25T10:38:31Z
Google Play Store,Neenu Kurian,5,Wishlist Review,My favourite app for clothes,2022-12-01T05:06:55.606Z,https://play.google.com/store/apps/details?id=com.fsn.nds&reviewId=0938db4a-5993-413f-a3c9-9f187669cbfd,2026-08-25T10:38:31Z
App Store,annumaurya,1,product are good but app disappointed me,stuck too much and Wishlist do not load properly,2022-11-22T02:12:39Z,https://apps.apple.com/in/app/nykaa-fashion-shopping-app/id1439872423?see-all=reviews,2026-08-25T10:38:31Z
Google Play Store,Niyati Anand,3,Wishlist Review,The app would be better if there was an option to sort items by price/discount/etc within the wishlist,2022-11-21T09:30:20.600Z,https://play.google.com/store/apps/details?id=com.fsn.nds&reviewId=48f4ebec-191f-4ca7-a4f8-40f95116a604,2026-08-25T10:38:31Z
Google Play Store,Hina Sahu,2,Wishlist Review,This app has wide range of good stuffs but it's quite expensive and product are overpriced than other app. Also their is one issue in my app that the wishlist is not showing completely only 10-20 products of the wishlist appears at a time...rest of wishlisted products are not showing. I have updated the app too but no difference. I hope it gets resolved soon.,2022-11-02T18:18:23.385Z,https://play.google.com/store/apps/details?id=com.fsn.nds&reviewId=b8cd79a1-6b7d-486d-a3d2-48efc8336f46,2026-08-25T10:38:31Z
App Store,Ritiya,1,Complete Nonsense app high level Frauds,"Pathetic service Don’t shop with NykaaFashion be safe.. Making their customers complete fools on basis of within 2-3 days motto. Every single time whoever you are whatever you order they reply will dispatch within 2-3days or escalate your issue with our team. Raised the issue with NykaaFashion team is their favourite line.. Most irritating customer care service.. Complete nonsense, fraud and highly unprofessional.. Don’t deserve a single star😡",2022-10-17T12:51:32Z,https://apps.apple.com/in/app/nykaa-fashion-shopping-app/id1439872423?see-all=reviews,2026-08-25T10:38:31Z
Google Play Store,Ahuti kar,1,Wishlist Review,Negative rating should be given to this app.Pathetic customer care service.I advice you people never use prepaid payment for this app. These people are thieves and scammers. Neither they will ship your product nor they will cancel them..They just want your money.never use this app for shopping.. I am regretting so much .they even share all your personal information to scammers. Worst app ever. I wish may this company go bankrupt.,2022-10-13T20:21:57.745Z,https://play.google.com/store/apps/details?id=com.fsn.nds&reviewId=5a2af9e4-d377-49ac-aa46-00502eff73f7,2026-08-25T10:38:31Z
App Store,mmmmaaaannuu,1,Wrong item,I wish I could give less than that.. they delivered me a wrong product and now denying to exchange or take it back.. and their representative just disconnected my call when I asked his name..,2022-10-04T14:24:59Z,https://apps.apple.com/in/app/nykaa-fashion-shopping-app/id1439872423?see-all=reviews,2026-08-25T10:38:31Z
Google Play Store,Ambika Sharma,1,Wishlist Review,app doesnt show all products of my wishlist and second issue is i can't apply any coupon code.,2022-10-04T07:46:55.967Z,https://play.google.com/store/apps/details?id=com.fsn.nds&reviewId=ae2d7c0d-66d7-4860-890f-808168cb3017,2026-08-25T10:38:31Z
Google Play Store,Kshitija Deshpande,1,Wishlist Review,I wish I could give zero ratings! It's been a week since I requested to return my order...i daily recive a message for pick up but till day it's not happening.. Never going to buy from this app again!!! Just pathetic service,2022-10-04T02:44:52.417Z,https://play.google.com/store/apps/details?id=com.fsn.nds&reviewId=ccc7a561-f7f4-43fb-b95c-69b4bb83a022,2026-08-25T10:38:31Z
Google Play Store,Srushti Karvir,2,Wishlist Review,"Please solve the issue of wishlist page. It happens everytime, I cannot see my entire wishlist, if I remove some from the list then I can see the further ones. Solve the wishlist issue asap PAY ATTENTION TO YOUR WISHLIST PAGE ISSUE, IT IS NOT WORKING PROPERLY",2022-10-02T06:47:53.623Z,https://play.google.com/store/apps/details?id=com.fsn.nds&reviewId=60f64c3a-5624-422c-8fa7-104d1759676e,2026-08-25T10:38:31Z
Google Play Store,lekhika chettri,1,Wishlist Review,Worst customer service... Delivers wrong product and they say they delivered quality product and denies exchange or refund... I wish I never trusted.... They don't coperate at all.... I got tired following up... Did so many calls and emails yet they said we gave quality product and delivered suit with multiple holes... Worst experience... worst brand... they don't exchange or return if received damaged product.... But yes they will make sure to make you get properly harassed.,2022-09-28T08:50:34.354Z,https://play.google.com/store/apps/details?id=com.fsn.nds&reviewId=557940aa-9ef0-42f3-88c7-17528cedd464,2026-08-25T10:38:31Z
Google Play Store,Srishti Upadhyay,3,Wishlist Review,"I am literally never able to access my wish list further than 10 items. Have tried re-installing it several times, updated it, and what not but the problem persists.",2022-09-25T18:05:11.824Z,https://play.google.com/store/apps/details?id=com.fsn.nds&reviewId=dcdfa304-2fae-4fcf-9e0b-0ed4aa97e0ee,2026-08-25T10:38:31Z
Google Play Store,Anjan Gayen,1,Wishlist Review,They are not capable to deliver their orders but happily book orders without checking their inventory.. Moreover it's such an uphill task to at least get your own money refunded from these cheats.. This start up is also going towards its closure soon.. Wish them all the worst.. Adieu Nykaa,2022-09-24T18:16:45.793Z,https://play.google.com/store/apps/details?id=com.fsn.nds&reviewId=b49717dd-85de-41a5-8124-48dc8937d942,2026-08-25T10:38:31Z
Google Play Store,Amritpal Kaur,1,Wishlist Review,Hello! Friends This app is not at all user-friendly. Every time I order something they send me something else. Then it is so difficult to return the wrong product which you have received. If you wish to speak to customer care they also don't satisfy your queries. I would say this app is more of a business and they don't value their customers at all. They don't work on goodwill but just money. If if you shop in thousands it doesn't matter to you. They don't make you elite customer . Risky shoppin,2022-09-17T08:40:46.224Z,https://play.google.com/store/apps/details?id=com.fsn.nds&reviewId=21ee2465-10e2-49b0-a4ba-cbb75abd36c5,2026-08-25T10:38:31Z
App Store,vithika dhingra,4,User interface issues,"There is no doubt when it comes to bring the designer way becoming easily accessible for customers. I love the way how it is designed however few things I would like to mention basis which I find it difficult for use. 
- wish list style is not friendly at all. It should have a category header on top so automatically user can find easily. 
- even if my phone is connected with high speed wifi connection still error occurs multiple times loading the articles. 

Company should pay attention to these concerns for their users. I am an avid user. For shopoholics you should work on these for coming updates.",2022-09-16T20:39:43Z,https://apps.apple.com/in/app/nykaa-fashion-shopping-app/id1439872423?see-all=reviews,2026-08-25T10:38:31Z
Google Play Store,Mehak Singh,2,Wishlist Review,You can't view your wishlist and that's the worst part..when you save new items the old ones disappear and you have to delete items to view you wishlist..it's very irritating,2022-09-13T21:16:43.942Z,https://play.google.com/store/apps/details?id=com.fsn.nds&reviewId=30cdb9ce-94bb-400c-8ba5-f9496daff127,2026-08-25T10:38:31Z
Google Play Store,hansavari hans,2,Wishlist Review,"My wishlist isn't loading properly and it always gets stuck and also i am not able to view the items, wishlisted earlier and it gets frustrating. Always asking for app update but never fixing this problem. please fix this bug.",2022-09-13T07:08:23.316Z,https://play.google.com/store/apps/details?id=com.fsn.nds&reviewId=9e6cea41-3b92-4fe0-9288-a1f6a3f509f7,2026-08-25T10:38:31Z
Google Play Store,pranavi Bobbili,1,Wishlist Review,"Whats wrong with your wishlist option on the app. We cannot load all the products tht added to wishlist this is not the first time , since 6 months im observing and it is so irritating not able to review our wishlist. For gods sake please look into this issue instead of replying ""we will solve""",2022-09-07T10:46:36.746Z,https://play.google.com/store/apps/details?id=com.fsn.nds&reviewId=528d939a-1e76-4a08-b577-d33935eac82a,2026-08-25T10:38:31Z
Google Play Store,Monica Ramineni,1,Wishlist Review,Wishlist only showing recent items saved...this is worst...resolve this,2022-09-04T06:58:53.880Z,https://play.google.com/store/apps/details?id=com.fsn.nds&reviewId=7128bda7-ef3e-4f53-aab9-55fe7458f2c3,2026-08-25T10:38:31Z
Google Play Store,Amar Rhode,1,Wishlist Review,Read all reviews such a bad rating by almost 90 % people rated 1 .hopefully i am saved from buying in this app.,2022-08-31T11:58:30.616Z,https://play.google.com/store/apps/details?id=com.fsn.nds&reviewId=1d4b9b3b-ea00-4074-9743-2dbd3ef889ce,2026-08-25T10:38:31Z
Google Play Store,Avani Dedhia,3,Wishlist Review,Why is only half my wishlist visible? I can never see all the wishlisted products. I have remove some to be able to view the old ones.,2022-08-28T10:36:55.305Z,https://play.google.com/store/apps/details?id=com.fsn.nds&reviewId=d0cbcb54-f1d4-4f64-8a67-d271e8604ee1,2026-08-25T10:38:31Z
Google Play Store,mayank jain,1,Wishlist Review,I wish i could give negative rating worst experience i ordered sneakers instead of which i have recieved sandals of puma and they are even refuse toh exchange or refund the amount. Never ordering again they do not bother about customer money. Since last two months regularly contracting their customer care but no response.,2022-08-25T04:36:51.338Z,https://play.google.com/store/apps/details?id=com.fsn.nds&reviewId=3d2e8f8e-cf14-470e-b842-ec04d6bb681e,2026-08-25T10:38:31Z
Google Play Store,AKASH,1,Wishlist Review,"Why there is wishlist option available in your app, if it is of no use. We can't view the whole list we saved earlier in wishlist. We have to remove few items to review previous saved items. Please fix this issue as soon as possible. Also add a option to remove all items from the wish list at one click.",2022-08-19T12:13:34.680Z,https://play.google.com/store/apps/details?id=com.fsn.nds&reviewId=b8720645-b39e-4ce8-ab2e-6c7560d66743,2026-08-25T10:38:31Z
Google Play Store,UCC CARGO,1,Wishlist Review,This app has the worst service in the world I ordered 80kg gym set it showed it will arrive in 3days and it has been 15 days and it's still didn't arrive i don't recommend this app don't buy anything from here i wish i could give 0 stars,2022-08-19T10:37:22.581Z,https://play.google.com/store/apps/details?id=com.fsn.nds&reviewId=06d6a69e-b91d-4967-be62-2a7b91372112,2026-08-25T10:38:31Z
Google Play Store,Lakshmi Rajput,4,Wishlist Review,"Everything is fine but please allow me to have more items in my wishlist.. The more I add , previous ones gone !! Please 🙏🏻",2022-08-14T10:34:28.404Z,https://play.google.com/store/apps/details?id=com.fsn.nds&reviewId=cc382fc3-9c49-43b4-af6c-8ad26733b2bf,2026-08-25T10:38:31Z
Google Play Store,Anisha Agarwal,3,Wishlist Review,"This is a glitch in the wishlist, the wishlist never shows all the times in your wishlist",2022-08-09T03:20:25.827Z,https://play.google.com/store/apps/details?id=com.fsn.nds&reviewId=e4c15950-513f-461f-8c1c-eb77ef283af7,2026-08-25T10:38:31Z
Google Play Store,Pratima Pradhan,5,Wishlist Review,My favourite shopping app,2022-08-07T15:17:58.417Z,https://play.google.com/store/apps/details?id=com.fsn.nds&reviewId=5e6aabe1-fc96-4ba8-a213-cc5f977863a1,2026-08-25T10:38:31Z
Google Play Store,Decorous Dezign,1,Wishlist Review,"Why there is wishlist option available in your app, if it is of no use. We can't view the whole list you saved earlier in wishlist. We have to remove few items to review previous saved items. I have made complaint twice on customer care, I was told to remove cookies which I did several times but nothing happened. Also another option they told to remove app and install it after 2 hours if removing cookies doesn't work, but both option didn't work. Never experienced this on any other app.",2022-08-07T08:22:57.706Z,https://play.google.com/store/apps/details?id=com.fsn.nds&reviewId=01db42d6-c268-4de8-a13e-ca5efc8f1644,2026-08-25T10:38:31Z
Google Play Store,Astha Jaiswal,1,Wishlist Review,Unable to view my entire wishlist. Please fix the bug!,2022-08-04T14:22:17.624Z,https://play.google.com/store/apps/details?id=com.fsn.nds&reviewId=13f43465-9dd6-4e23-995a-245522d72828,2026-08-25T10:38:31Z
Google Play Store,Simran Chugh,2,Wishlist Review,Wishlist never gets open properly,2022-08-03T19:31:45.879Z,https://play.google.com/store/apps/details?id=com.fsn.nds&reviewId=3197e7a3-7b23-4c6b-870f-6046a3a6dbb0,2026-08-25T10:38:31Z
Google Play Store,Renu Pandey,1,Wishlist Review,Nykaa you have a nice variety of clothes and overall everything is good but you need to improve your app. The whole wishlist is never available only latest are shown. Please improve the app. This is the 3rd time I'm editing the review and no action has taken place it is same like before please fix your app,2022-08-03T02:25:01.984Z,https://play.google.com/store/apps/details?id=com.fsn.nds&reviewId=025e0d84-e093-4100-8a79-74cfaaacde16,2026-08-25T10:38:31Z
Google Play Store,resham raniwal,1,Wishlist Review,The app never shows complete wishlist.,2022-07-31T11:00:35.317Z,https://play.google.com/store/apps/details?id=com.fsn.nds&reviewId=b4bb0dd9-0a22-4ffe-8f8c-52b34e9e1f49,2026-08-25T10:38:31Z
Google Play Store,Urvashi Lakudkar,2,Wishlist Review,"So usually, any customer's wishlist would contain more than 30 items at least, and almost all shopping apps let you view your wishlist items and layer proceed with buying. Unfortunately, you CANNOT view all the items you have added on your Nykaa Fashion app's wishlist, it is impossible to do so, and becomes very frustrating. You have to delete some item from your wishlist in order to view the item that's next in line! Hence, not so great!",2022-07-28T17:44:17.769Z,https://play.google.com/store/apps/details?id=com.fsn.nds&reviewId=f50791ec-bc78-4655-b366-476f863cd37a,2026-08-25T10:38:31Z
Google Play Store,nidhi,1,Wishlist Review,"Pathetic service, refused to pick up a return order saying it's not in serviceable area. Overpriced cheap clothes available. I don't use Facebook. Kindly check your complaint server. I have made multiple requests over there. I wish i could give NEGATIVE stars to you people. Never ever using this app ever again.",2022-07-27T05:26:19.526Z,https://play.google.com/store/apps/details?id=com.fsn.nds&reviewId=bf31072b-3c55-4e90-92e5-4bd6bbcc1755,2026-08-25T10:38:31Z
Google Play Store,Jyotsna Sahu,2,Wishlist Review,The wishlist doesn't load after showing 30 products. I cannot view my list.,2022-07-26T14:39:33.801Z,https://play.google.com/store/apps/details?id=com.fsn.nds&reviewId=57d1d41b-c852-4087-8a17-ba1bd85a2a2d,2026-08-25T10:38:31Z
Google Play Store,Rajashree Mishra,4,Wishlist Review,The wishlist doesn't show all the items no matter how many times you load it. If that's the case then why it is there in the first place.,2022-07-24T13:41:40.779Z,https://play.google.com/store/apps/details?id=com.fsn.nds&reviewId=469490c9-fbe8-4a5a-aab8-c7ca8320fa21,2026-08-25T10:38:31Z
App Store,raaaahu,4,Wishlist server,Fix your wish list section it’s worst because the thing I select is show 3/4 time once and when I clear my wish list it shows again,2022-07-23T04:08:33Z,https://apps.apple.com/in/app/nykaa-fashion-shopping-app/id1439872423?see-all=reviews,2026-08-25T10:38:31Z
Google Play Store,sonal sahni,3,Wishlist Review,Wishlist doesn't show all the items saved. It stops loading after a few items are displayed. This problem should be fixed.,2022-07-17T09:58:49.110Z,https://play.google.com/store/apps/details?id=com.fsn.nds&reviewId=e3190398-45c5-4e9f-8ac0-e5a445373833,2026-08-25T10:38:31Z
Google Play Store,Priya Shah,1,Wishlist Review,Wishlist is showing only 8-10 items but I wishlisted more than 50 items but it's not showing...this issue I'm facing from the 1st day of using this app..such a worst and irritating app,2022-07-16T05:55:46.572Z,https://play.google.com/store/apps/details?id=com.fsn.nds&reviewId=b7e1acc1-8d9d-4870-b15b-6f7f7e130220,2026-08-25T10:38:31Z
Google Play Store,pragya saiyam,5,Wishlist Review,Nykaa one of my favourite app.........,2022-07-13T04:08:57.502Z,https://play.google.com/store/apps/details?id=com.fsn.nds&reviewId=d0ba7f15-fa83-4054-a4e2-4a8fe8282300,2026-08-25T10:38:31Z
Google Play Store,Simpy Sharma,1,Wishlist Review,A substandard application. Wishlist never appears completely. I wrote my concern to the customer service. They made lame excuses and were unable to solve my issues. Well how can they when they simply don't try to understand them and stick to some useless explanation.,2022-07-10T16:17:47.935Z,https://play.google.com/store/apps/details?id=com.fsn.nds&reviewId=f0b301c7-ab88-4834-97ed-be77e0e68601,2026-08-25T10:38:31Z
Google Play Store,mansi rawat,3,Wishlist Review,wishlist doesn't show more than 20 items. Unable to see my wishlist,2022-07-08T19:04:10.588Z,https://play.google.com/store/apps/details?id=com.fsn.nds&reviewId=0546d344-4684-4dd2-a0d4-05878dc97c65,2026-08-25T10:38:31Z
Google Play Store,Malik Azmat,1,Wishlist Review,"I could not wishlist more than 19 products....if i will wishlist 20th product...then the last product in the wishlist will get disappear from list and if i remove any product from list, the disappeared ones will appear...i dont know whats there with this app....other apps like myntra ,they provide over 1000 space for wishlisting....this app sucks",2022-07-02T11:44:54.120Z,https://play.google.com/store/apps/details?id=com.fsn.nds&reviewId=063c378c-7fd9-4b99-ba31-2634c63a75ad,2026-08-25T10:38:31Z
Google Play Store,Uditi Singh,5,Wishlist Review,Love this app specially the designer brands which we get only on nykaa love you nykaa ❤️ my favorite shopping app.,2022-07-02T09:26:57.854Z,https://play.google.com/store/apps/details?id=com.fsn.nds&reviewId=2757c0bb-b084-4843-8e98-ddf54bda27b1,2026-08-25T10:38:31Z
Google Play Store,ANUBHAV SHARMA,1,Wishlist Review,This app should be banned. I wish I could give stars in minus. They are thugs. firstly they sent me wrong product twice and when I initiated refund they refused to pay full amount paid by me and stared sending emails to return product. most pathetic application available online. They are giving bad name to naykka. I will make sure to let other people know never to buy from your site.,2022-07-01T06:13:14.347Z,https://play.google.com/store/apps/details?id=com.fsn.nds&reviewId=1e5dd6e9-c5fd-42a5-9262-764b5e9ceb90,2026-08-25T10:38:31Z
Google Play Store,anshula singh,2,Wishlist Review,"It doesn't show full wishlist...when u delete one, the other one shows up",2022-06-28T17:26:52.158Z,https://play.google.com/store/apps/details?id=com.fsn.nds&reviewId=53f7cf5c-ee4a-46c2-95b1-0faefad9da02,2026-08-25T10:38:31Z
Google Play Store,Sufiya Fatima,5,Wishlist Review,Beautiful collections at nykaa fashion nowhere i found and during sales has heart thr,2022-06-22T14:34:00.701Z,https://play.google.com/store/apps/details?id=com.fsn.nds&reviewId=23b26dbf-0471-4626-a298-e8c6dce692b8,2026-08-25T10:38:31Z
App Store,Chai Bhairy,1,Worst delivery time,Witnessed one of the worst delivery of all times. Ordered on 7th June and still have not received the order! Your support guys have no clue where the order is. Wish I can give a negative rating !,2022-06-21T04:43:59Z,https://apps.apple.com/in/app/nykaa-fashion-shopping-app/id1439872423?see-all=reviews,2026-08-25T10:38:31Z
Google Play Store,SAYONI JAWARIA,1,Wishlist Review,I wish i could give negative rating....worst experience....i ordered 3 products out of which i have received 2 wrong products. I had ordered sneakers instead of which i have received sandals and instead of jeans of waist 28 of sugar i have received trousers of waist 34 of some other brand....and they have even refused to exchange or refund the amount....never ordering again from them.....they do not bother about customers money....they make a mistake at the stake of customers money,2022-06-15T16:48:47.502Z,https://play.google.com/store/apps/details?id=com.fsn.nds&reviewId=665958d6-cfe4-4258-867e-dc2d8ee0cecb,2026-08-25T10:38:31Z
Google Play Store,Khushbu Agarwal,1,Wishlist Review,"I am youtuber and content creator. I order from different apps but never faced such issue. I didn't receive product also executive didn't help me in any way.They don't take initiative to solve customer's issue, faced something like this 1st time. I wish I had option to give negative marking to this app but to post review i have to give 1 star, Prices are so hiked here better you buy from ajio,Myntra,Amazon,Flipkart,hm,zara,tatacliq U can contact me on insta I'd:-agarwalkhushbu_ for more info",2022-06-08T05:51:51.950Z,https://play.google.com/store/apps/details?id=com.fsn.nds&reviewId=95b49a46-aa10-498c-829b-43862678c7a9,2026-08-25T10:38:31Z
Google Play Store,saradiya,1,Wishlist Review,"Though the collection is really good, the prices are absolutely off the charts. Moreover, the wishlist function is practically useless as it does not store beyond 15 to 17 items. This really ruins the experience and has put me off of using the app.",2022-06-04T07:40:37.259Z,https://play.google.com/store/apps/details?id=com.fsn.nds&reviewId=c1c6e456-625e-4330-9fbf-dbeec82524ab,2026-08-25T10:38:31Z
Google Play Store,kajal chawla,5,Wishlist Review,"I'm not a big fan of online shopping but I was just skimming through the products on the Nykaa app and ended up ordering quite a few things. The quality was worth the money. The service is extremely fast including replacing or returning orders and the refund is made the same day itself. However, I do wish that they had more size options. But overall, I have never experienced such a smooth online shopping experience.",2022-06-01T06:43:09.563Z,https://play.google.com/store/apps/details?id=com.fsn.nds&reviewId=c8e87d6e-8ab1-4523-8c1b-9bcfc5ecafaf,2026-08-25T10:38:31Z
Google Play Store,Mohit Arora,5,Wishlist Review,"I had a beautiful experience with nykaa i bought two pairs of puma shoes, which I had to return,bcos my wife ordered two same pairs without telling me,one shoe was non returnable but upon request to one excutive siddhart Soni he took my request,and accepted to pick up the shoes... Thanks a lot for this service i also saved a lot of money on nykaa got 50% off on shoes and a ⌚ i reccomend this app to all..",2022-05-30T10:08:03.621Z,https://play.google.com/store/apps/details?id=com.fsn.nds&reviewId=a1cab8d1-6385-49eb-a699-a5b666f18bab,2026-08-25T10:38:31Z
Google Play Store,Mitali Uzir,3,Wishlist Review,My favourite app,2022-05-27T15:51:38.842Z,https://play.google.com/store/apps/details?id=com.fsn.nds&reviewId=698c31b2-bd55-455c-add8-48885b35fdc3,2026-08-25T10:38:31Z
Google Play Store,Vaishnavee Shete,1,Wishlist Review,Unable to view the wishlist. No matter how many times I try to refresh. Absolutely useless application.,2022-05-22T14:54:13.570Z,https://play.google.com/store/apps/details?id=com.fsn.nds&reviewId=f4fb53ba-c39c-402d-9245-7c9b9cd7d543,2026-08-25T10:38:31Z
Google Play Store,husna iqbal,1,Wishlist Review,I cant even open my wishlist.. Donno what to do,2022-05-17T09:56:10.290Z,https://play.google.com/store/apps/details?id=com.fsn.nds&reviewId=d1b15eac-b4d9-494d-9f97-10c4ebd8206d,2026-08-25T10:38:31Z
Google Play Store,Krishan Kaushik,3,Wishlist Review,I wishlisted 50 items on nykaa but I'm able to see only 8-10 products why so ?? I already uninstalled and again installed but problem is still as it was please help me and show my whole wishlist on nykaa fashion - shopping app......!,2022-05-14T10:26:44.236Z,https://play.google.com/store/apps/details?id=com.fsn.nds&reviewId=0796d566-1e0f-496c-b819-1cd866d1c58c,2026-08-25T10:38:31Z
Google Play Store,Gurpreet kaur Khangura,3,Wishlist Review,"I wish to see option of vegan , sustainable in filter",2022-05-12T14:35:31.148Z,https://play.google.com/store/apps/details?id=com.fsn.nds&reviewId=4daf423a-3866-451b-8f5e-d02eae6fc173,2026-08-25T10:38:31Z
Google Play Store,Richa Yadav,3,Wishlist Review,It's overall a good app with good brand but the only concern I have is that I cannot view my my complete wishlist. I either have to delete some wishlist products to see some more and still not the whole list. If this glitch then you should definitely look into this.,2022-05-05T03:18:12.308Z,https://play.google.com/store/apps/details?id=com.fsn.nds&reviewId=0ffbe4e6-2da6-4e36-ae7d-25dd0dfe8c7a,2026-08-25T10:38:31Z
App Store,fnp customer,5,Customer Care,"I had a great experience with one of the customer care representative name, Mari Suhashini 

She is brilliant, very helpful, soft spoken and prompt. I feel myself lucky to interacted with her as she was a good listener and professional in terms of problem solving skills 

I wish her and Naykaa team the very best 
She is a star 🌟🌟🌟🌟🌟",2022-04-18T08:08:14Z,https://apps.apple.com/in/app/nykaa-fashion-shopping-app/id1439872423?see-all=reviews,2026-08-25T10:38:31Z
Google Play Store,Kumar Sougata,2,Wishlist Review,"Hi, I love shopping here I am having serious problem with the wishlist option .,.even if I put like things in the wishlist like 10 items ....later when I see only the first 5 shows and not all ....this has been a problem since a long time !",2022-04-13T23:38:19.936Z,https://play.google.com/store/apps/details?id=com.fsn.nds&reviewId=79a37e8c-12f2-4cce-a268-7c8511004272,2026-08-25T10:38:31Z
Google Play Store,Twinkle Jaiswal,1,Wishlist Review,I cannot see my all wishlist item..,2022-04-10T08:17:43.720Z,https://play.google.com/store/apps/details?id=com.fsn.nds&reviewId=cb75f569-fbe3-4e0b-8e7b-8e52bd1f443a,2026-08-25T10:38:31Z
Google Play Store,deeksha shetty,1,Wishlist Review,"Horrible! I would never order from your site again..I purchased two dress for my birthday one was from my husband's account and one from my mine ,you guys take around 6 days to just ship the dress and then 6 days to deliver ! I had ordered this dress for my birthday (vacation) !! Please don't order from Nykaa ,Myntra. Amazon and any other standard sites have better customer experience and delivery management I wish I could see the comments in playstore",2022-04-08T05:49:49.645Z,https://play.google.com/store/apps/details?id=com.fsn.nds&reviewId=f04634ed-7918-42cc-83b2-b5b1d30c9722,2026-08-25T10:38:31Z
Google Play Store,Neha Gupta,3,Wishlist Review,"There is UI bug In Product details screen. About size there should be only 1 option to choose S , M , L, XL but there are double option like S S, M M , L L, XL XL. Please check ..... I wish I could attach a screenshot here",2022-03-19T10:41:08.893Z,https://play.google.com/store/apps/details?id=com.fsn.nds&reviewId=94c6ec7a-f041-404b-974b-05839e0d72fb,2026-08-25T10:38:31Z
Google Play Store,Mitali Jain,2,Wishlist Review,There's some sort of bug in your app. Wishlist never shows the complete items. Only a maximum of 20-30 items are visible and the rest of the wishlist never loads. Please fix it. And when you remove some recently added items then the older starts to show but only a maximum of around 30 items are visible.,2022-03-18T19:47:34.459Z,https://play.google.com/store/apps/details?id=com.fsn.nds&reviewId=d326d37c-1672-435c-8e0e-4b7d54d172c7,2026-08-25T10:38:31Z
Google Play Store,Akanksha Rashmi,2,Wishlist Review,The wishlist doesn't show the entire stored items. 10-15 saved items only.,2022-03-04T16:20:12.522Z,https://play.google.com/store/apps/details?id=com.fsn.nds&reviewId=861cbe9a-68cd-4d3e-8c2b-8ed04712ffaa,2026-08-25T10:38:31Z
Google Play Store,Sushmita Sam,1,Wishlist Review,Worst app. Received 6 faulty stitched tees. Only exchange available. All the tee again with same poor quality. Wishlist doesnt load. Customer care doesn't solve any issue not interested in hearing out either,2022-03-02T04:59:43.894Z,https://play.google.com/store/apps/details?id=com.fsn.nds&reviewId=84fcb34d-7ded-4333-b050-fa09b4d61abc,2026-08-25T10:38:31Z
Google Play Store,meeta Das,3,Wishlist Review,"Wishlist isn't working it have several kind of problem like, not load your all wishlist & stopped then can't load your rest of ones....Please Nykaa Fashion work on this.",2022-02-28T07:37:06.275Z,https://play.google.com/store/apps/details?id=com.fsn.nds&reviewId=b880ad2f-04c7-40bb-9881-19efe8cfde6a,2026-08-25T10:38:31Z
Google Play Store,Isha Patel,1,Wishlist Review,I recently added many items in my wishlist and now the wishlist isn't loading. It's a waste of my time and energy. Never gonna shop again from nykaa fashion.,2022-02-19T13:08:01.596Z,https://play.google.com/store/apps/details?id=com.fsn.nds&reviewId=c7f8ddff-e099-473c-b0bd-c76b9f0ae4be,2026-08-25T10:38:31Z
Google Play Store,Bishal Lepcha,1,Wishlist Review,Open this app and u see it's loading.. make biryani and come back.. App is still loading.. for this reason I'm out but I wish nykaa all the best..,2022-02-16T05:58:49.483Z,https://play.google.com/store/apps/details?id=com.fsn.nds&reviewId=8587f032-a9c4-4ff9-990c-21d61777d00f,2026-08-25T10:38:31Z
Google Play Store,Harsha Dhingra,5,Wishlist Review,"I wish to exchange a product but the return period got expired, i initiated a chat and the executive Amaan really helped me with it going as a exception. My experience with Nykka fashion is going good so far. A big thanks to Amaan",2022-02-07T05:27:25.874Z,https://play.google.com/store/apps/details?id=com.fsn.nds&reviewId=fec2622b-0904-4922-a9d4-a60b4ff6a535,2026-08-25T10:38:31Z
Google Play Store,Garima Sahni,1,Wishlist Review,"900 ₹worth dress is being sold for 6000, how i wish I can attach screenshot from both the sites. Big frauds in fashion. A flop app for fashion. Shut it down.",2022-02-06T07:51:02.457Z,https://play.google.com/store/apps/details?id=com.fsn.nds&reviewId=9a6eb105-b100-4b30-a3fb-c242bcf404be,2026-08-25T10:38:31Z
Google Play Store,Sangeeta Priyadarshini,1,Wishlist Review,"Extremely dissapointing first purchase experience. Incorrect product received and when raised a concern to check if I exchange it, I will get the correct one but that investigation itself took 7 days yet i have not received any resolution. Had to return the product itself. Even for return they took 4 working days to start the process, I just wish I get my money back. Worst experience!!!!",2022-02-04T12:08:35.127Z,https://play.google.com/store/apps/details?id=com.fsn.nds&reviewId=91cd0dc0-0380-4f05-9e55-c4992291ef00,2026-08-25T10:38:31Z
Google Play Store,Mekhala Basu,1,Wishlist Review,Upi payment is not working. My payment amount got debited but order was not placed. Request to look into the matter. I have mailed the details. Nowhere it's mentioned what needs to be done in such a case. Also why is the payment option details getting saved and why there is no way to remove the payment option details?? Please let me know how can I remove the saved payment option details.,2022-02-03T19:43:53.690Z,https://play.google.com/store/apps/details?id=com.fsn.nds&reviewId=69e0fc8f-5c33-4b7e-9604-4834a0628e28,2026-08-25T10:38:31Z
Google Play Store,ARPITA SAMANTA,5,Wishlist Review,"Extremely happy with the customer service provided by Nykaa Fashion. Special mention to Siddharth Soni, the customer executive who went the extra mile to provide me a very comfortable and satisfying service. I wish him Good luck for his future endeavours and Nykaa Fashion to grow more going forward.",2022-01-07T14:15:19.720Z,https://play.google.com/store/apps/details?id=com.fsn.nds&reviewId=549c49bf-4a16-4b7c-9824-9289f7129d9e,2026-08-25T10:38:31Z
Google Play Store,Divisha Mittal,1,Wishlist Review,i ordered a product fr nykaa on 8th december 2021 and it has been a month but it has still not been delivered..there is no customer care to provide support...wish i could give negative rating to this app,2022-01-06T06:30:03.410Z,https://play.google.com/store/apps/details?id=com.fsn.nds&reviewId=3df01dd4-a2ce-4305-a12d-175be7219010,2026-08-25T10:38:31Z
Google Play Store,Mani Srivastav,3,Wishlist Review,After sometime my wishlist disappears automatically,2022-01-03T18:01:39.872Z,https://play.google.com/store/apps/details?id=com.fsn.nds&reviewId=10dbbbfe-d047-47b1-ba36-13ff00eb70da,2026-08-25T10:38:31Z
Google Play Store,Smita Goyal,4,Wishlist Review,My replacement product was not received for more than a month. The customer care executive Dhaval Khatri did a wonderful job of helping me with the refund of the same in one call. I really appreciate the good work and wish him all luck for future. Thanks a lot!!,2022-01-03T14:07:04.787Z,https://play.google.com/store/apps/details?id=com.fsn.nds&reviewId=832f94a3-5a4f-44f5-be8b-fb7a5448461c,2026-08-25T10:38:31Z
Google Play Store,Nirmal Kumar Lenka,5,Wishlist Review,My favorite,2021-12-29T17:45:39.740Z,https://play.google.com/store/apps/details?id=com.fsn.nds&reviewId=3041f539-d866-4dc7-8700-c28734402104,2026-08-25T10:38:31Z
Google Play Store,Rugved Parab,5,Wishlist Review,"Great app and easy to shop from. Abundant products and excellent service. I actually messed up a return order but customer care assistant : Aliya helped me through it patiently and politely. I thank them and wish them luck. Overall, its a great app.",2021-12-27T12:56:36.524Z,https://play.google.com/store/apps/details?id=com.fsn.nds&reviewId=affef9ba-e385-47cf-b312-1da35a758706,2026-08-25T10:38:31Z
Google Play Store,Aakanscha Chandra,4,Wishlist Review,I had a problem with the refund on nykaa fashion. I had talked to various people on customer support but one of the support - Sanjana did a marvelous job and helped me get my issue solved instantly. I thank her and wish her all the best.,2021-12-24T06:28:28.790Z,https://play.google.com/store/apps/details?id=com.fsn.nds&reviewId=48fefed8-5865-4efb-9463-e54541355945,2026-08-25T10:38:31Z
